run_id,status,protocol_version,config_sha256,code_commit,checkpoint_sha256,dataset_manifest_sha256,train_recording_count,validation_recording_count,test_recording_count,trainable_parameters,gpu_hours,wall_hours,gpu_allocation_wall_hours,resource_measurement_note,implementation_sha256,scientific_scope,coverage,metrics_path,failure_reason,pid,log_path
signrep_smoke_attempt1,FAIL,,,,,,,,,,,,,,,,,,Upstream constructor contains integer products; initial literal parser rejected them,,logs/signrep_smoke_attempt1_FAIL.log
signrep_smoke_attempt2,FAIL,,,,,,,,,,,,,,,,,,Inherited timm 0.4.5 lacks required Mlp; installed timm 1.0.20 in project venv,,logs/signrep_smoke_attempt2.log
signrep_smoke_attempt3,FAIL,,,,,,,,,,,,,,,,,,Untracked Python bytecode falsely triggered source-change guard; tracked source remains unchanged,,logs/signrep_smoke_attempt3.log
signrep_smoke_attempt4,PASS,,762b503a9b71942abf1f4cb9cd6204774507f29e580fde0931645b52eeb91141,06f40b5d287867b24e0dd2dc380b40b3f2ae8ac2,f8be8ca44aec4d7066175dccc681338f376ec86de6ba72bc79223a6bbd3c766b,d7d6d6804ca1cf286bf35cce9c101ad0fee230bed2b7027bdbf58bb1e82228a6,,,,0,,0.004503239573322288,0.004503239573322288,"One allocated GPU; wall time includes model loading, decoding and I/O. Active GPU compute hours unmeasured.",62868da326de30d3db8e75f696914c21f27dea4749c9e2da62df080c92d3ba94,,1.0,features/signrep_pilot/extraction_report.json,,,logs/signrep_smoke_attempt4.log
common_v1_extraction,PASS,,762b503a9b71942abf1f4cb9cd6204774507f29e580fde0931645b52eeb91141,06f40b5d287867b24e0dd2dc380b40b3f2ae8ac2,f8be8ca44aec4d7066175dccc681338f376ec86de6ba72bc79223a6bbd3c766b,10588de667415c1ca9cdcf677d18d0e5d69c7845ee43b05658902b20b6e52f3a,,,,0,,1.3054400769708445,1.3054400769708445,"One allocated GPU; wall time includes model loading, decoding and I/O. Active GPU compute hours unmeasured.",62868da326de30d3db8e75f696914c21f27dea4749c9e2da62df080c92d3ba94,,1.0,features/signrep_common_v1/extraction_report.json,,,logs/signrep_common_v1_extraction.log
ncslgr_signrep_smoke_v1,PASS,,762b503a9b71942abf1f4cb9cd6204774507f29e580fde0931645b52eeb91141,06f40b5d287867b24e0dd2dc380b40b3f2ae8ac2,f8be8ca44aec4d7066175dccc681338f376ec86de6ba72bc79223a6bbd3c766b,d6800063c1034942a4fa2173cdfe34bc8549fef4dfc9bad5efc35a74dbe1220a,,,,0,,0.002157887952214676,0.002157887952214676,"One allocated GPU; wall time includes model loading, decoding and I/O. Active GPU compute hours unmeasured.",62868da326de30d3db8e75f696914c21f27dea4749c9e2da62df080c92d3ba94,,1.0,features/signrep_ncslgr_smoke_v1/extraction_report.json,,,logs/signrep_ncslgr_smoke_v1.log
ncslgr_signrep_extraction_v1,PASS,,762b503a9b71942abf1f4cb9cd6204774507f29e580fde0931645b52eeb91141,06f40b5d287867b24e0dd2dc380b40b3f2ae8ac2,f8be8ca44aec4d7066175dccc681338f376ec86de6ba72bc79223a6bbd3c766b,3113fbe50f7226e877bcae816cf47f6c82941e62e2d968a630fc23d0cdcf997d,,,,0,,0.14563303832278407,0.14563303832278407,"One allocated GPU; wall time includes model loading, decoding and I/O. Active GPU compute hours unmeasured.",62868da326de30d3db8e75f696914c21f27dea4749c9e2da62df080c92d3ba94,,1.0,features/signrep_ncslgr_diagnostic_v1/extraction_report.json,,,logs/signrep_ncslgr_diagnostic_v1.log
ncslgr_frozen_readout_suite_v1,PASS_INTERNAL_DIAGNOSTIC,ncslgr_diagnostic_v1,be9ba90fc2b261bc2f3ba9af9299cd5333ebcd8b6a886fa8a3daf39a02cb5c22,,,3113fbe50f7226e877bcae816cf47f6c82941e62e2d968a630fc23d0cdcf997d,107,27,88,2307,0,0.0004516012463783328,0,CPU-only suite timer covers fitting and statistics; feature loading precedes timer. Parameters per head; nine independently selected heads.,7f64383c97c98af84c6bb1167341bc48c244eb10076ce2bfd102476ec04c2e0e,"Historical positively recorded NEG/WH/YN type, one test signer, four shared XML archive groups; no verified absence, scope accuracy or method novelty.",1,runs/ncslgr_diagnostic_v1/summary.json,,,logs/ncslgr_probes_v1.log
common_v1_B00_signrep_seed0,PASS,common_v1,204aa0aa7552e88dc4874bc5fc793ac676d5cf3adc2612c7a44661068bb8b0c7,,f8be8ca44aec4d7066175dccc681338f376ec86de6ba72bc79223a6bbd3c766b,10588de667415c1ca9cdcf677d18d0e5d69c7845ee43b05658902b20b6e52f3a,2400,726,1600,0,0,0.000926654190536485,0,Active GPU compute hours unmeasured. Recording counts refer to planned manifest; metric split_counts give surviving clips.,25dc268e33087e2b579acae4c2293990ffb628b3198fbdb30bc14aabe0781f22,pipeline validation and lexical retention reference; no novelty or full benchmark reproduction,1.0,runs/common_v1_B00_signrep_seed0/metrics.json,,,logs/common_v1_B00_seed0.log
common_v1_B01_signrep_seed0,PASS,common_v1,204aa0aa7552e88dc4874bc5fc793ac676d5cf3adc2612c7a44661068bb8b0c7,,f8be8ca44aec4d7066175dccc681338f376ec86de6ba72bc79223a6bbd3c766b,10588de667415c1ca9cdcf677d18d0e5d69c7845ee43b05658902b20b6e52f3a,2400,726,1600,0,0,0.000930125842795759,0,Active GPU compute hours unmeasured. Recording counts refer to planned manifest; metric split_counts give surviving clips.,25dc268e33087e2b579acae4c2293990ffb628b3198fbdb30bc14aabe0781f22,pipeline validation and lexical retention reference; no novelty or full benchmark reproduction,1.0,runs/common_v1_B01_signrep_seed0/metrics.json,,,logs/common_v1_B01_seed0.log
common_v1_B02_signrep_seed0,PASS,common_v1,204aa0aa7552e88dc4874bc5fc793ac676d5cf3adc2612c7a44661068bb8b0c7,,f8be8ca44aec4d7066175dccc681338f376ec86de6ba72bc79223a6bbd3c766b,10588de667415c1ca9cdcf677d18d0e5d69c7845ee43b05658902b20b6e52f3a,2400,726,1600,153800,,0.014278181008606528,0.014278181008606528,Active GPU compute hours unmeasured. Recording counts refer to planned manifest; metric split_counts give surviving clips.,25dc268e33087e2b579acae4c2293990ffb628b3198fbdb30bc14aabe0781f22,pipeline validation and lexical retention reference; no novelty or full benchmark reproduction,1.0,runs/common_v1_B02_signrep_seed0/metrics.json,,,logs/common_v1_B02_seed0.log
common_v1_B02_signrep_seed1,PASS,common_v1,204aa0aa7552e88dc4874bc5fc793ac676d5cf3adc2612c7a44661068bb8b0c7,,f8be8ca44aec4d7066175dccc681338f376ec86de6ba72bc79223a6bbd3c766b,10588de667415c1ca9cdcf677d18d0e5d69c7845ee43b05658902b20b6e52f3a,2400,726,1600,153800,,0.010983959171668781,0.010983959171668781,Active GPU compute hours unmeasured. Recording counts refer to planned manifest; metric split_counts give surviving clips.,25dc268e33087e2b579acae4c2293990ffb628b3198fbdb30bc14aabe0781f22,pipeline validation and lexical retention reference; no novelty or full benchmark reproduction,1.0,runs/common_v1_B02_signrep_seed1/metrics.json,,,logs/common_v1_B02_seed1.log
common_v1_B02_signrep_seed2,PASS,common_v1,204aa0aa7552e88dc4874bc5fc793ac676d5cf3adc2612c7a44661068bb8b0c7,,f8be8ca44aec4d7066175dccc681338f376ec86de6ba72bc79223a6bbd3c766b,10588de667415c1ca9cdcf677d18d0e5d69c7845ee43b05658902b20b6e52f3a,2400,726,1600,153800,,0.013462824574704024,0.013462824574704024,Active GPU compute hours unmeasured. Recording counts refer to planned manifest; metric split_counts give surviving clips.,25dc268e33087e2b579acae4c2293990ffb628b3198fbdb30bc14aabe0781f22,pipeline validation and lexical retention reference; no novelty or full benchmark reproduction,1.0,runs/common_v1_B02_signrep_seed2/metrics.json,,,logs/common_v1_B02_seed2.log
common_v1_B03_signrep_seed0,PASS,common_v1,204aa0aa7552e88dc4874bc5fc793ac676d5cf3adc2612c7a44661068bb8b0c7,,f8be8ca44aec4d7066175dccc681338f376ec86de6ba72bc79223a6bbd3c766b,10588de667415c1ca9cdcf677d18d0e5d69c7845ee43b05658902b20b6e52f3a,2400,726,1600,153656,,0.028788437619449624,0.028788437619449624,Active GPU compute hours unmeasured. Recording counts refer to planned manifest; metric split_counts give surviving clips.,25dc268e33087e2b579acae4c2293990ffb628b3198fbdb30bc14aabe0781f22,pipeline validation and lexical retention reference; no novelty or full benchmark reproduction,1.0,runs/common_v1_B03_signrep_seed0/metrics.json,,,logs/common_v1_B03_seed0.log
common_v1_B03_signrep_seed1,PASS,common_v1,204aa0aa7552e88dc4874bc5fc793ac676d5cf3adc2612c7a44661068bb8b0c7,,f8be8ca44aec4d7066175dccc681338f376ec86de6ba72bc79223a6bbd3c766b,10588de667415c1ca9cdcf677d18d0e5d69c7845ee43b05658902b20b6e52f3a,2400,726,1600,153656,,0.03644534565501898,0.03644534565501898,Active GPU compute hours unmeasured. Recording counts refer to planned manifest; metric split_counts give surviving clips.,25dc268e33087e2b579acae4c2293990ffb628b3198fbdb30bc14aabe0781f22,pipeline validation and lexical retention reference; no novelty or full benchmark reproduction,1.0,runs/common_v1_B03_signrep_seed1/metrics.json,,,logs/common_v1_B03_seed1.log
common_v1_B03_signrep_seed2,PASS,common_v1,204aa0aa7552e88dc4874bc5fc793ac676d5cf3adc2612c7a44661068bb8b0c7,,f8be8ca44aec4d7066175dccc681338f376ec86de6ba72bc79223a6bbd3c766b,10588de667415c1ca9cdcf677d18d0e5d69c7845ee43b05658902b20b6e52f3a,2400,726,1600,153656,,0.028637961582216022,0.028637961582216022,Active GPU compute hours unmeasured. Recording counts refer to planned manifest; metric split_counts give surviving clips.,25dc268e33087e2b579acae4c2293990ffb628b3198fbdb30bc14aabe0781f22,pipeline validation and lexical retention reference; no novelty or full benchmark reproduction,1.0,runs/common_v1_B03_signrep_seed2/metrics.json,,,logs/common_v1_B03_seed2.log
shubert_encoder_smoke_attempt1,PASS,,18558b4f1288e1c1410ba18247995b7f1c23b1e17445f8f0d3bf2cc905d3f90d,,,,,,,0,0,0.000586817966411925,0,CPU-only job; no GPU allocated.,16252e7532152c867da867f0d6dcbe60fdcac3ea19c3bba84086f1652e0f7aad,Bounded native train-video smoke or synthetic encoder interface; no benchmark/grammar accuracy.,1.0,features/shubert_encoder_smoke_attempt1/report.json,,,logs/shubert_encoder_smoke_attempt1.log
shubert_encoder_smoke_attempt2,PASS,,18558b4f1288e1c1410ba18247995b7f1c23b1e17445f8f0d3bf2cc905d3f90d,,,,,,,0,0,0.0007165289224940352,0,CPU-only job; no GPU allocated.,16252e7532152c867da867f0d6dcbe60fdcac3ea19c3bba84086f1652e0f7aad,Bounded native train-video smoke or synthetic encoder interface; no benchmark/grammar accuracy.,1.0,features/shubert_encoder_smoke_attempt2/report.json,,,logs/shubert_encoder_smoke_attempt2.log
shubert_native_preprocessing_attempt1,FAIL,,18558b4f1288e1c1410ba18247995b7f1c23b1e17445f8f0d3bf2cc905d3f90d,cc1929326075bfbad7ad73159b2acf84356059bb,,d7d6d6804ca1cf286bf35cce9c101ad0fee230bed2b7027bdbf58bb1e82228a6,,,,0,0,0.00022215114195003278,0,CPU-only job; no GPU allocated.,a0dd84195f2ac2504c8552dbdc56d35c5cd3b7a7891f2431c8d7b89bfd47c589,Bounded native train-video smoke or synthetic encoder interface; no benchmark/grammar accuracy.,,features/shubert_native_preprocessing_attempt1/report.json,,,logs/shubert_native_preprocessing_attempt1.log
shubert_native_preprocessing_attempt2,PASS,,18558b4f1288e1c1410ba18247995b7f1c23b1e17445f8f0d3bf2cc905d3f90d,cc1929326075bfbad7ad73159b2acf84356059bb,,d7d6d6804ca1cf286bf35cce9c101ad0fee230bed2b7027bdbf58bb1e82228a6,,,,0,0,0.03196457310945132,0,CPU-only job; no GPU allocated.,3b834fb243b2cbb3240d6ae092fa07c7dab264dc4a190bbae4b4b8c89043d891,Bounded native train-video smoke or synthetic encoder interface; no benchmark/grammar accuracy.,1.0,features/shubert_native_preprocessing_attempt2/report.json,,,logs/shubert_native_preprocessing_attempt2.log
shubert_native_pilot_attempt1,PASS,,18558b4f1288e1c1410ba18247995b7f1c23b1e17445f8f0d3bf2cc905d3f90d,cc1929326075bfbad7ad73159b2acf84356059bb,9087f47602401c07c44a9c70164ca1387373938ac4642149126a43e61c20cd7d,,,,,0,0,0.026606219594735497,0,CPU-only job; no GPU allocated.,25f3213ab53198493a5315830d5fbb60c17522f8381b1f2a9659c9db3845762d,Bounded native train-video smoke or synthetic encoder interface; no benchmark/grammar accuracy.,1.0,features/shubert_native_pilot_attempt1/report.json,,,logs/shubert_native_pilot_attempt1.log
shubert_native_pilot_gpu_attempt1,FAIL,,,,,,,,,,,,,,,Bounded native train-video smoke or synthetic encoder interface; no benchmark/grammar accuracy.,,,SIGSEGV in native GPU smoke; no terminal Python exception; CPU native raw-video smoke passed. CUDA runtime isolation in progress.,1555179,logs/shubert_native_pilot_gpu_attempt1.log
shubert_native_pilot_gpu_attempt2,FAIL,,,,,,,,,,,,,,,Bounded native train-video smoke or synthetic encoder interface; no benchmark/grammar accuracy.,,,"SIGSEGV in torch.cuda._lazy_init after decord import, before model transfer; faulthandler trace preserved. CUDA-first import-order smoke passed.",,logs/shubert_native_pilot_gpu_attempt2.log
shubert_native_pilot_gpu_attempt3,PASS,,18558b4f1288e1c1410ba18247995b7f1c23b1e17445f8f0d3bf2cc905d3f90d,cc1929326075bfbad7ad73159b2acf84356059bb,9087f47602401c07c44a9c70164ca1387373938ac4642149126a43e61c20cd7d,,,,,0,,0.0013069469544441544,0.0013069469544441544,"GPU allocation wall-time proxy, not active compute hours.",99e3a422f18ffedb0d5c1c4102282cba57d8bf05adacb8d2b8a8b6b8ddc47703,Bounded native train-video smoke or synthetic encoder interface; no benchmark/grammar accuracy.,1.0,features/shubert_native_pilot_gpu_attempt3/report.json,,,logs/shubert_native_pilot_gpu_attempt3.log
shubert_native_pilot_gpu_attempt4,PASS,,18558b4f1288e1c1410ba18247995b7f1c23b1e17445f8f0d3bf2cc905d3f90d,cc1929326075bfbad7ad73159b2acf84356059bb,9087f47602401c07c44a9c70164ca1387373938ac4642149126a43e61c20cd7d,,,,,0,,0.0014538372241723765,0.0014538372241723765,"GPU allocation wall-time proxy, not active compute hours.",dd7b4181ed7e072cb8b042dd903dce2a10b1a62e6731737d5ebdccad0438b386,Bounded native train-video smoke or synthetic encoder interface; no benchmark/grammar accuracy.,1.0,features/shubert_native_pilot_gpu_attempt4/report.json,,,logs/shubert_native_pilot_gpu_attempt4.log
shubert_native_common_v1_preprocessing,RUNNING,native_common_v1,18558b4f1288e1c1410ba18247995b7f1c23b1e17445f8f0d3bf2cc905d3f90d,,,10588de667415c1ca9cdcf677d18d0e5d69c7845ee43b05658902b20b6e52f3a,,,,0,0,1.212408341161952,0,"CPU-only preparation; attempt wall-time reported separately from feature worker. Host PID not visible in current tool namespace; RUNNING is producer-reported, not independently inferred from /proc. Inspect progress and exclusive worker lock before any recovery.",d76cf594dd5ae7455a1c9b4d0377ce9038274ef7d952f2410324b1db063bc76b,Full locked native public-pipeline extraction; missing streams and source PTS preserved. Usable readout coverage and native accuracy pending.,0.33537875581887433,features/shubert_native_common_v1_preprocessing/status.json,,4,logs/shubert_native_common_v1_preprocessing.log
shubert_native_common_v1,FAIL,native_common_v1,18558b4f1288e1c1410ba18247995b7f1c23b1e17445f8f0d3bf2cc905d3f90d,,,10588de667415c1ca9cdcf677d18d0e5d69c7845ee43b05658902b20b6e52f3a,,,,0,,2.7228011903108564,2.7228011903108564,Allocation wall time includes CPU-producer waits; not active CUDA compute time.,413ef85760cdbc0bceeda634455d060194520139a88c781a153cd3cc5fd8e910,Full locked native public-pipeline extraction; missing streams and source PTS preserved. Usable readout coverage and native accuracy pending.,0.2613203554803216,features/shubert_native_common_v1/status.json,ValueError: Native feature worker reached reserved disk limit,2247942,logs/shubert_native_common_v1_extraction.log
shubert_native_ncslgr_v1_preprocessing,PASS_NATIVE_PREPROCESSING,native_ncslgr_v1,18558b4f1288e1c1410ba18247995b7f1c23b1e17445f8f0d3bf2cc905d3f90d,,,c1b6149d19c5f52b6d2b3967199a6e0bc3720becd758acc195f7d30351d8966f,,,,0,0,0.8156798043630745,0,CPU-only preparation; attempt wall-time reported separately from feature worker.,d76cf594dd5ae7455a1c9b4d0377ce9038274ef7d952f2410324b1db063bc76b,Full locked native public-pipeline extraction; missing streams and source PTS preserved. Usable readout coverage and native accuracy pending.,1.0,features/shubert_native_ncslgr_v1_preprocessing/report.json,,3,logs/shubert_native_ncslgr_v1_preprocessing.log
shubert_native_ncslgr_v1,PASS,native_ncslgr_v1,18558b4f1288e1c1410ba18247995b7f1c23b1e17445f8f0d3bf2cc905d3f90d,,,c1b6149d19c5f52b6d2b3967199a6e0bc3720becd758acc195f7d30351d8966f,,,,0,0,0.8176041385297301,0,CPU-only preparation; attempt wall-time reported separately from feature worker.,58be3c943b0bdc5728f7b691d4351a4ba4cf7daaeb782981a3b6b72db173e828,Full locked native public-pipeline extraction; missing streams and source PTS preserved. Usable readout coverage and native accuracy pending.,1.0,features/shubert_native_ncslgr_v1/extraction_report.json,,3,logs/shubert_native_ncslgr_v1_cpu_extraction.log
fair_ncslgr_v1_suite,PASS_EXPLORATORY_EQUAL_BUDGET_NATIVE_FUNCTION_CONTROLS,fair_ncslgr_v1,0d08343e17dd5cbbae460ff348dad1ff25620c165d81d1f2f11ae33d4edc85e1,,,,,,,6915,0,0.7537675810613695,0,CPU-only18equal-budget heads after full native PASS. Waiting wall time separate from fitting time; no extra GPU.,49d8b66873fc941633669ae9db67c82ad1ea65fef2e68aa2a66f2c3e71ec5ed0,"Exploratory recorded positive functional intervals on common eligible IDs; predeclared train-duration prior. No absence, adjudicated scope, encoder adaptation or novelty claim.",,runs/fair_ncslgr_v1/summary.json,,3,logs/fair_ncslgr_v1.log
ncslgr_author_pool_v1_suite,PASS_EXPLORATORY_AUTHOR_IMPUTED_FUNCTION_POOLING,ncslgr_author_pool_v1,31b1be7d0d3eff531602e6d6cce9f28b6e7d47b1f4be0f40d63e449e3192c5fa,,,,,,,2307,0,0.0010086817325079918,0,"CPU-only9heads, same3LR/100epochs/3seeds; no additional GPU.",90efa9ca68e3abd0fe7cb8cc31934c33e3449a7ca127de17d9d8e8f4aead4119,"Exploratory author-imputed contextual-token pooling on222positive-function utterances. Observation counts retained separately. Native result files existed at lock; no blind, independent, causal or novelty claim.",1,runs/ncslgr_author_pool_v1/summary.json,,,logs/ncslgr_author_pool_v1.log
shubert_translation_smoke_attempt1,PASS_LOCAL_PUBLIC_DEMO_NUMERICAL_SMOKE,,,,cb605058abf7fd50b80f055fe8a6e271ed64f04ef7b1b450c7a364f88495526a,,,,,0,0,0.01282386872859206,0,CPU-only local numerical smoke; no GPU allocated.,4c5eea232db194b40b095d8290fd7d322951177eb65c0f1c8943ba2c3d4febba,Author-demo11625 strict load/token NLL/padding/generation on one source-captioned clip; not semantic pair accuracy or ASL-MTP reproduction.,1,features/shubert_translation_smoke_attempt1/report.json,,,logs/shubert_translation_smoke_attempt1.log
ncslgr_recorded_interval_suite_v1,PASS_EXPLORATORY_RECORDED_INTERVAL_DIAGNOSTIC,ncslgr_intervals_v1,9dab1a98f07faa835598b47d7c003f074ff112c3043bf3bd3b90ff29924b87f6,,,3113fbe50f7226e877bcae816cf47f6c82941e62e2d968a630fc23d0cdcf997d,107,27,88,6915,0,0.011716122665546006,0,CPU-only12heads;6915active parameters each. Classification222utterances; recorded-single-interval loss/metric179utterances (89/25/65).,715b901b7ab571b513b94b54e2d8f4e42a44f5a4c2602e09b4cea836ddd19e21,"Exploratory recorded functional-core interval readout, not adjudicated grammatical scope, absent detection, representation adaptation or novelty.",1,runs/ncslgr_intervals_v1/summary.json,,,logs/ncslgr_intervals_v1.log
ncslgr_categorical_calibration_v1,PASS_EXPLORATORY_VALIDATION_TEMPERATURE_SENSITIVITY,ncslgr_calibration_v1,c79a9af5abe5f8e2beb0428c3bdb542d946714ab0bab7e75d8b636873c8e718d,,,,,27,88,0,0,0.0002544839158266162,0,CPU-only validation grid selection on9existing2307parameter heads; no retraining. Zero gradient-trained new parameters; one selected scalar temperature per head.,5690b828930f8e741fabb92bb735d02ad6efa6c12613e3afc4e33448d105c214,"Exploratory categorical probability sensitivity; original predictions preserved. Not boundary/presence calibration, independent confirmation or novelty.",,runs/ncslgr_calibration_v1/summary.json,,,logs/ncslgr_calibration_v1.log
fair_common_v1_suite,FAIL,fair_common_v1,32651b269d6a2d8edf6e58df711e5182d00e051918c317db39686c61e507813f,,,,,,,,0,2.0088347983188903,0,CPU-only waiter and future equal-grid controls; native GPU worker remains separate. Waiting time is not fitting/compute time.,,Locked three-backbone lexical common intersection and same tuning grid. No partial native test inference; no matched-context causal or novelty claim.,,runs/fair_common_v1/status.json,ValueError: Native extraction is terminal without full PASS: FAIL,3,logs/fair_common_v1.log
semantic_pairs_readiness_v1,BLOCKED_GOLD_OR_ACCESS,,b0aac9082e61f39e94c7e7084e68a0aef73381a830020db8681db148e807bf02,,,,,,,,0,,0,,34e0ee56eff1776124255ee7dc6cf75c951b3cda8a3db42fdd6a00f2a109e416,Readiness dry-run only; blocked before model loading/scoring by missing reviewed external gold/media. No semantic accuracy.,,reports/semantic_pairs_readiness_v1/status.json,ValueError: External semantic protocol remains blocked or unlocked: BLOCKED_ACCESS,,logs/semantic_pairs_readiness_v1.log
semantic_pair_backend_smoke_attempt1,PASS_SEMANTIC_BACKEND_NUMERICAL_ONLY,,,,,,,,,0,0,0.003612868942210399,0,"CPU numerical integration on one 104-frame training-signer clip, two identical caption candidates and blank streams.",f037686f74e077be8ac64b580aeb489012c2c5a53b342ec0726dcf7230403383,Strict offline model load and source-caption NLL reproduction; identical-text tie credit 0.5. No external semantic-pair accuracy or causal visual-reliance claim.,,features/semantic_pair_backend_smoke_attempt1/report.json,,,logs/semantic_pair_backend_smoke_attempt1.log
grounding_readiness_v1,BLOCKED_GOLD_OR_MAPPING,,1f3d34cc4a0413f887f756cc326bd4622f08c22f05b9346f760f51b3246a526a,,,,,,,,0,,0,,8b9625afa68678a342211bdba81f7f932a235d38a0a7b958810138b55ce619f8,"Q02 readiness dry-run stops before search/metrics because verified ASL mapping, exhaustive occurrence/absence and grouping are missing. Synthetic integration tests are not linguistic evidence.",,reports/grounding_readiness_v1/status.json,ValueError: Grounding protocol blocked or unlocked: BLOCKED_DATA,,logs/grounding_readiness_v1.log
native_common_disk_recovery_v1,CPU_PREPROCESSING_RECOVERY,,,,,,,,,,,0.07501810884109647,,"Capacity waiter; then CPU preprocessing, oneGPU0consumer, CPUcontrols serially. Phase wall-time is not CUDA compute time.",0f3e7e6ba24438ee11f3f22f23ed3fb2b35cef37a7b9c5dd7ac840f206434c9a,"Reviewed disk-guard recovery of same locked4726cohort; priorfailedattempts retained, no partial evaluation.",,state/native_common_disk_recovery_v1/status.json,,3,logs/native_common_disk_recovery_v1.log
ncslgr_branch_ablation_import_failure_v1,FAIL_IMPORT_BEFORE_MODEL_LOAD,,,,,,,,,,0,,0,,,Failed before model loading due eager XML dependency import; preserved original protocol and sources. No scientific metrics.,,evidence/ncslgr_branch_ablation_import_failure_v1/manifest.json,ModuleNotFoundError defusedxml from eager ncslgr XML import in extraction runtime,,logs/ncslgr_branch_ablation_smoke_v1.log
ncslgr_branch_ablation_smoke_v2,PASS_TRAIN_ONLY_EIGHT_CONDITION_NUMERICAL_SMOKE,,ab8248f50f22a3f95a695450df6051dc0e506a359bfd37e49567dcff166deca8,,,,,,,,0,,0,,,"Training-only numerical cue-intervention smoke; source clocks/masks unchanged, no classification, adaptation or novelty.",,reports/ncslgr_branch_ablation_smoke_v2_audit.json,,,logs/ncslgr_branch_ablation_smoke_v2.log
ncslgr_branch_ablation_v2_features,FAIL,,ab8248f50f22a3f95a695450df6051dc0e506a359bfd37e49567dcff166deca8,,,,,,,0,0,0.007444716688866417,0,"CPU-only fixed eight cue interventions; exact175cohort,24equal-budget heads only after complete feature extraction.",d8c55a694bdf6e254fb8d4802996255e2ebe3f0b48d7ddfdfee7a8d431138304,Exploratory zeroing distribution-shift diagnostic with matched fresh all-stream baseline. Original-cache numerical equivalence unestablished forv3; failures preserved. No representation adaptation/novelty.,,features/ncslgr_branch_ablation_v2/status.json,ValueError: Recomputed all-stream original features differ beyond registered tolerance: 4.7206878662109375e-05,27,logs/ncslgr_branch_ablation_extraction_v2.log
ncslgr_branch_ablation_v2_pipeline,FAIL,,ab8248f50f22a3f95a695450df6051dc0e506a359bfd37e49567dcff166deca8,,,,,,,0,0,0.007572556573334926,0,"CPU-only fixed eight cue interventions; exact175cohort,24equal-budget heads only after complete feature extraction.",71d7c37692547f86509b215167a0b7a7c962b819bee0360ca48db7cfe8ca8ab1,Exploratory zeroing distribution-shift diagnostic with matched fresh all-stream baseline. Original-cache numerical equivalence unestablished forv3; failures preserved. No representation adaptation/novelty.,,state/ncslgr_branch_ablation_v2/status.json,ValueError: Child RUNNING_CPU_INTERVENTION_EXTRACTION exited 1; see logs/ncslgr_branch_ablation_extraction_v2.log. No automatic retry.,3,logs/ncslgr_branch_ablation_pipeline_v2.log
ncslgr_branch_ablation_smoke_v3,PASS_TWO_TRAIN_CASES_WITHIN_RUN_CUE_ABLATION,,e333093d5b4b2a00a096e48e0907cd561682bb6b10872d0011f4c36af56e7e1b,,,,,,,,0,,0,,,"Training-only numerical cue-intervention smoke; source clocks/masks unchanged, no classification, adaptation or novelty.",,reports/ncslgr_branch_ablation_smoke_v3_audit.json,,,logs/ncslgr_branch_ablation_smoke_v3.log
ncslgr_branch_ablation_v3_features,RUNNING,,e333093d5b4b2a00a096e48e0907cd561682bb6b10872d0011f4c36af56e7e1b,,,,,,,0,0,0.0976809302675085,0,"CPU-only fixed eight cue interventions; exact175cohort,24equal-budget heads only after complete feature extraction.",ca552b303fb8f83dc80396906c96c7c437e44382fc40a64dd92ea5b879399bb8,Exploratory zeroing distribution-shift diagnostic with matched fresh all-stream baseline. Original-cache numerical equivalence unestablished forv3; failures preserved. No representation adaptation/novelty.,,features/ncslgr_branch_ablation_v3/status.json,,27,logs/ncslgr_branch_ablation_extraction_v3.log
ncslgr_branch_ablation_v3_pipeline,RUNNING_CPU_INTERVENTION_EXTRACTION,,e333093d5b4b2a00a096e48e0907cd561682bb6b10872d0011f4c36af56e7e1b,,,,,,,0,0,0.0,0,"CPU-only fixed eight cue interventions; exact175cohort,24equal-budget heads only after complete feature extraction.",7ab186c58e462581019b03017a628d70da963ff2f9d5d2f83d727663e647f66e,Exploratory zeroing distribution-shift diagnostic with matched fresh all-stream baseline. Original-cache numerical equivalence unestablished forv3; failures preserved. No representation adaptation/novelty.,,state/ncslgr_branch_ablation_v3/status.json,,3,logs/ncslgr_branch_ablation_pipeline_v3.log
ncslgr_branch_reproduction_diagnostic_v1,PASS_NUMERICAL_DIAGNOSIS_NO_SCIENTIFIC_METRICS,,,,,,,,,,0,0.027404945960831054,0,,923ac6f5bdbb61cf24cc8df2bd5fde5c0ae61b14e14a234462d306bdefa6ba0e,One failed training clip numerical repeat/thread/cache comparison; not scientific classification or cache-equivalence certification.,,reports/ncslgr_branch_reproduction_diagnostic_v1.json,,,logs/ncslgr_branch_reproduction_diagnostic_v1.log
