sample_id,split,gold,prediction,correct,recording_group,signer_group,conservative_xml_group,probability_NEG,probability_WH,probability_YN
ncslgr:ncslgr10c:27,test,1,1,1,ncslgr:sequence:607,Norma Bowers Tourangeau,ncslgr:xml:ncslgr10c,2.5223372357846707e-44,1.0,9.385104579168514e-31
ncslgr:ncslgr10c:28,test,1,1,1,ncslgr:sequence:611,Norma Bowers Tourangeau,ncslgr:xml:ncslgr10c,0.0,1.0,2.0441849780226956e-17
ncslgr:ncslgr10c:30,test,0,0,1,ncslgr:sequence:619,Norma Bowers Tourangeau,ncslgr:xml:ncslgr10c,1.0,0.0,5.501489332174338e-19
ncslgr:ncslgr10c:31,test,0,0,1,ncslgr:sequence:621,Norma Bowers Tourangeau,ncslgr:xml:ncslgr10c,1.0,0.0,5.880945650248626e-29
ncslgr:ncslgr10c:32,test,0,0,1,ncslgr:sequence:622,Norma Bowers Tourangeau,ncslgr:xml:ncslgr10c,1.0,2.199638293258689e-28,5.6205985125887324e-27
ncslgr:ncslgr10c:33,test,2,2,1,ncslgr:sequence:623,Norma Bowers Tourangeau,ncslgr:xml:ncslgr10c,9.514218618278392e-06,0.0,0.9999904632568359
ncslgr:ncslgr10c:34,test,2,1,0,ncslgr:sequence:624,Norma Bowers Tourangeau,ncslgr:xml:ncslgr10c,1.463669377013943e-31,1.0,1.2326711727337708e-21
ncslgr:ncslgr10c:38,test,0,1,0,ncslgr:sequence:628,Norma Bowers Tourangeau,ncslgr:xml:ncslgr10c,1.493968336763402e-15,1.0,1.1272734992928833e-20
ncslgr:ncslgr10c:39,test,0,2,0,ncslgr:sequence:629,Norma Bowers Tourangeau,ncslgr:xml:ncslgr10c,0.002877434017136693,4.645482956709535e-29,0.997122585773468
ncslgr:ncslgr10d:10,test,2,2,1,ncslgr:sequence:647,Norma Bowers Tourangeau,ncslgr:xml:ncslgr10d,8.17430053767082e-13,0.0,1.0
ncslgr:ncslgr10d:11,test,0,0,1,ncslgr:sequence:654,Norma Bowers Tourangeau,ncslgr:xml:ncslgr10d,1.0,2.8236164056145064e-42,4.967761620486127e-24
ncslgr:ncslgr10d:12,test,0,0,1,ncslgr:sequence:655,Norma Bowers Tourangeau,ncslgr:xml:ncslgr10d,1.0,0.0,2.1371343009264218e-40
ncslgr:ncslgr10d:13,test,0,1,0,ncslgr:sequence:657,Norma Bowers Tourangeau,ncslgr:xml:ncslgr10d,0.09681998938322067,0.9031800627708435,6.856337719796102e-10
ncslgr:ncslgr10d:2,test,0,0,1,ncslgr:sequence:632,Norma Bowers Tourangeau,ncslgr:xml:ncslgr10d,1.0,0.0,3.6107434316784426e-13
ncslgr:ncslgr10d:20,test,0,1,0,ncslgr:sequence:664,Norma Bowers Tourangeau,ncslgr:xml:ncslgr10d,1.0483247643796654e-19,1.0,1.558136984658381e-19
ncslgr:ncslgr10d:23,test,0,0,1,ncslgr:sequence:668,Norma Bowers Tourangeau,ncslgr:xml:ncslgr10d,1.0,2.5339240722289202e-27,2.490603819645283e-15
ncslgr:ncslgr10d:24,test,0,2,0,ncslgr:sequence:669,Norma Bowers Tourangeau,ncslgr:xml:ncslgr10d,1.1060273412578684e-34,0.0,1.0
ncslgr:ncslgr10d:26,test,1,1,1,ncslgr:sequence:672,Norma Bowers Tourangeau,ncslgr:xml:ncslgr10d,1.2280176135813214e-17,0.9839255809783936,0.016074394807219505
ncslgr:ncslgr10d:27,test,1,1,1,ncslgr:sequence:673,Norma Bowers Tourangeau,ncslgr:xml:ncslgr10d,5.805069465056703e-38,1.0,1.1164523759698078e-13
ncslgr:ncslgr10d:29,test,2,2,1,ncslgr:sequence:676,Norma Bowers Tourangeau,ncslgr:xml:ncslgr10d,0.0,0.0,1.0
ncslgr:ncslgr10d:3,test,2,2,1,ncslgr:sequence:633,Norma Bowers Tourangeau,ncslgr:xml:ncslgr10d,6.339474252605472e-42,0.0,1.0
ncslgr:ncslgr10d:30,test,2,2,1,ncslgr:sequence:677,Norma Bowers Tourangeau,ncslgr:xml:ncslgr10d,1.9230810925020448e-34,0.0,1.0
ncslgr:ncslgr10d:31,test,0,2,0,ncslgr:sequence:678,Norma Bowers Tourangeau,ncslgr:xml:ncslgr10d,1.2611686178923354e-43,3.2395933705731136e-33,1.0
ncslgr:ncslgr10d:9,test,2,2,1,ncslgr:sequence:646,Norma Bowers Tourangeau,ncslgr:xml:ncslgr10d,1.0054773766292703e-23,1.4929587061760259e-24,1.0
ncslgr:ncslgr10e:1,test,2,2,1,ncslgr:sequence:682,Norma Bowers Tourangeau,ncslgr:xml:ncslgr10e,0.0,1.4164787742645184e-32,1.0
ncslgr:ncslgr10e:12,test,2,2,1,ncslgr:sequence:694,Norma Bowers Tourangeau,ncslgr:xml:ncslgr10e,5.6515410051994246e-33,0.0,1.0
ncslgr:ncslgr10e:13,test,1,1,1,ncslgr:sequence:695,Norma Bowers Tourangeau,ncslgr:xml:ncslgr10e,5.512287769114533e-41,1.0,2.8316279575410916e-22
ncslgr:ncslgr10e:15,test,2,2,1,ncslgr:sequence:710,Norma Bowers Tourangeau,ncslgr:xml:ncslgr10e,1.0240928799323163e-38,0.0,1.0
ncslgr:ncslgr10e:16,test,2,2,1,ncslgr:sequence:711,Norma Bowers Tourangeau,ncslgr:xml:ncslgr10e,0.0,0.0,1.0
ncslgr:ncslgr10e:17,test,2,1,0,ncslgr:sequence:712,Norma Bowers Tourangeau,ncslgr:xml:ncslgr10e,0.0,0.9999841451644897,1.5816945960978046e-05
ncslgr:ncslgr10e:18,test,2,1,0,ncslgr:sequence:713,Norma Bowers Tourangeau,ncslgr:xml:ncslgr10e,0.0,1.0,2.7867842911408555e-35
ncslgr:ncslgr10e:2,test,2,0,0,ncslgr:sequence:683,Norma Bowers Tourangeau,ncslgr:xml:ncslgr10e,1.0,0.0,1.4727426704870544e-16
ncslgr:ncslgr10f:0,test,2,1,0,ncslgr:sequence:731,Norma Bowers Tourangeau,ncslgr:xml:ncslgr10f,0.0,0.9999997615814209,2.7886525799658557e-07
ncslgr:ncslgr10f:1,test,2,1,0,ncslgr:sequence:732,Norma Bowers Tourangeau,ncslgr:xml:ncslgr10f,0.0,1.0,1.3082005796403442e-25
ncslgr:ncslgr10f:10,test,2,2,1,ncslgr:sequence:742,Norma Bowers Tourangeau,ncslgr:xml:ncslgr10f,2.471820426145761e-40,0.0,1.0
ncslgr:ncslgr10f:17,test,1,1,1,ncslgr:sequence:750,Norma Bowers Tourangeau,ncslgr:xml:ncslgr10f,2.6687004985371553e-19,0.9997096657752991,0.0002902582345996052
ncslgr:ncslgr10f:18,test,1,1,1,ncslgr:sequence:751,Norma Bowers Tourangeau,ncslgr:xml:ncslgr10f,8.9695839519829e-39,1.0,3.7288711007832376e-10
ncslgr:ncslgr10f:27,test,1,1,1,ncslgr:sequence:761,Norma Bowers Tourangeau,ncslgr:xml:ncslgr10f,8.24444211844997e-22,1.0,0.0
ncslgr:ncslgr10f:28,test,2,2,1,ncslgr:sequence:762,Norma Bowers Tourangeau,ncslgr:xml:ncslgr10f,1.3756564158172566e-16,0.0,1.0
ncslgr:ncslgr10f:29,test,1,1,1,ncslgr:sequence:763,Norma Bowers Tourangeau,ncslgr:xml:ncslgr10f,0.0,1.0,1.2320177687123071e-21
ncslgr:ncslgr10f:3,test,1,0,0,ncslgr:sequence:734,Norma Bowers Tourangeau,ncslgr:xml:ncslgr10f,1.0,1.3717877458590859e-18,1.1716355435264246e-24
ncslgr:ncslgr10f:30,test,1,1,1,ncslgr:sequence:764,Norma Bowers Tourangeau,ncslgr:xml:ncslgr10f,0.0,0.9995371103286743,0.00046296732034534216
ncslgr:ncslgr10f:31,test,0,1,0,ncslgr:sequence:765,Norma Bowers Tourangeau,ncslgr:xml:ncslgr10f,0.0,1.0,7.006329803345614e-18
ncslgr:ncslgr10f:32,test,2,2,1,ncslgr:sequence:767,Norma Bowers Tourangeau,ncslgr:xml:ncslgr10f,0.0,3.5590137106821674e-34,1.0
ncslgr:ncslgr10f:33,test,1,1,1,ncslgr:sequence:769,Norma Bowers Tourangeau,ncslgr:xml:ncslgr10f,0.0,0.9999737739562988,2.6170342607656494e-05
ncslgr:ncslgr10f:34,test,0,2,0,ncslgr:sequence:770,Norma Bowers Tourangeau,ncslgr:xml:ncslgr10f,1.6908169306747493e-29,0.0,1.0
ncslgr:ncslgr10f:35,test,0,0,1,ncslgr:sequence:771,Norma Bowers Tourangeau,ncslgr:xml:ncslgr10f,1.0,0.0,5.387635226838938e-08
ncslgr:ncslgr10f:36,test,0,2,0,ncslgr:sequence:772,Norma Bowers Tourangeau,ncslgr:xml:ncslgr10f,0.21618342399597168,0.0,0.7838165760040283
ncslgr:ncslgr10f:37,test,0,2,0,ncslgr:sequence:773,Norma Bowers Tourangeau,ncslgr:xml:ncslgr10f,4.5463950813392736e-17,0.0,1.0
ncslgr:ncslgr10f:4,test,1,2,0,ncslgr:sequence:736,Norma Bowers Tourangeau,ncslgr:xml:ncslgr10f,7.398336038022535e-06,4.235901231419139e-15,0.9999926090240479
ncslgr:ncslgr10f:46,test,0,1,0,ncslgr:sequence:794,Norma Bowers Tourangeau,ncslgr:xml:ncslgr10f,4.5447393404174363e-07,0.9934068918228149,0.006592578254640102
ncslgr:ncslgr10f:47,test,0,0,1,ncslgr:sequence:795,Norma Bowers Tourangeau,ncslgr:xml:ncslgr10f,1.0,6.15963662052792e-19,2.1034434879137298e-23
ncslgr:ncslgr10f:48,test,0,0,1,ncslgr:sequence:796,Norma Bowers Tourangeau,ncslgr:xml:ncslgr10f,1.0,0.0,8.185752423117698e-13
ncslgr:ncslgr10f:49,test,0,0,1,ncslgr:sequence:798,Norma Bowers Tourangeau,ncslgr:xml:ncslgr10f,1.0,9.333476214123948e-09,6.240631705926305e-15
ncslgr:ncslgr10f:5,test,1,1,1,ncslgr:sequence:737,Norma Bowers Tourangeau,ncslgr:xml:ncslgr10f,5.521976011007862e-20,0.6281386017799377,0.37186142802238464
ncslgr:ncslgr10f:50,test,2,2,1,ncslgr:sequence:799,Norma Bowers Tourangeau,ncslgr:xml:ncslgr10f,2.675021164577629e-07,1.793662034335766e-43,0.9999997615814209
ncslgr:ncslgr10f:51,test,1,2,0,ncslgr:sequence:800,Norma Bowers Tourangeau,ncslgr:xml:ncslgr10f,1.6416450033986718e-19,0.0,1.0
ncslgr:ncslgr10f:6,test,0,0,1,ncslgr:sequence:738,Norma Bowers Tourangeau,ncslgr:xml:ncslgr10f,0.9834536910057068,1.8833326294043218e-06,0.016544414684176445
ncslgr:ncslgr10f:7,test,1,1,1,ncslgr:sequence:739,Norma Bowers Tourangeau,ncslgr:xml:ncslgr10f,3.343096065755033e-26,0.9842048287391663,0.015795232728123665
ncslgr:ncslgr10f:8,test,2,0,0,ncslgr:sequence:740,Norma Bowers Tourangeau,ncslgr:xml:ncslgr10f,1.0,8.018668465770845e-14,2.4740904041187922e-14
ncslgr:ncslgr10f:9,test,2,0,0,ncslgr:sequence:741,Norma Bowers Tourangeau,ncslgr:xml:ncslgr10f,0.9999998807907104,2.614612526485871e-09,7.377703070687858e-08
ncslgr:ncslgr10k:14,test,2,2,1,ncslgr:sequence:776,Norma Bowers Tourangeau,ncslgr:xml:ncslgr10k,0.0,8.407790785948902e-45,1.0
ncslgr:ncslgr10k:15,test,2,2,1,ncslgr:sequence:777,Norma Bowers Tourangeau,ncslgr:xml:ncslgr10k,4.5501562435091135e-40,1.583809439697759e-19,1.0
ncslgr:ncslgr10k:16,test,1,2,0,ncslgr:sequence:778,Norma Bowers Tourangeau,ncslgr:xml:ncslgr10k,1.401298464324817e-45,7.497483015863878e-17,1.0
ncslgr:ncslgr10k:17,test,1,2,0,ncslgr:sequence:779,Norma Bowers Tourangeau,ncslgr:xml:ncslgr10k,0.0,3.610702231995888e-13,1.0
ncslgr:ncslgr10l:39,test,0,2,0,ncslgr:sequence:92,Norma Bowers Tourangeau,ncslgr:xml:ncslgr10l,2.1793810246056866e-12,6.27049168144822e-09,1.0
ncslgr:ncslgr10l:42,test,0,1,0,ncslgr:sequence:98,Norma Bowers Tourangeau,ncslgr:xml:ncslgr10l,0.08517153561115265,0.9148284196853638,3.7834386773689943e-13
ncslgr:ncslgr10l:45,test,0,1,0,ncslgr:sequence:96,Norma Bowers Tourangeau,ncslgr:xml:ncslgr10l,1.0764222679426894e-05,0.9999892711639404,8.411958940484187e-23
ncslgr:ncslgr10l:46,test,0,0,1,ncslgr:sequence:287,Norma Bowers Tourangeau,ncslgr:xml:ncslgr10l,1.0,2.416460642695739e-10,1.246144481543726e-23
ncslgr:ncslgr10l:47,test,0,0,1,ncslgr:sequence:289,Norma Bowers Tourangeau,ncslgr:xml:ncslgr10l,0.9999922513961792,7.733101483609062e-06,5.191612029165071e-09
ncslgr:ncslgr10l:48,test,0,1,0,ncslgr:sequence:291,Norma Bowers Tourangeau,ncslgr:xml:ncslgr10l,1.205343740399642e-13,1.0,1.1959979673292764e-09
ncslgr:ncslgr10l:52,test,0,0,1,ncslgr:sequence:99,Norma Bowers Tourangeau,ncslgr:xml:ncslgr10l,0.9681504964828491,0.03184926137328148,2.2590006665268447e-07
ncslgr:ncslgr10l:58,test,0,1,0,ncslgr:sequence:109,Norma Bowers Tourangeau,ncslgr:xml:ncslgr10l,1.0666569437743157e-15,1.0,8.077507551718099e-10
ncslgr:ncslgr10l:59,test,0,2,0,ncslgr:sequence:110,Norma Bowers Tourangeau,ncslgr:xml:ncslgr10l,1.3883169114007482e-16,9.452449376112781e-06,0.9999905824661255
ncslgr:ncslgr10l:63,test,0,1,0,ncslgr:sequence:117,Norma Bowers Tourangeau,ncslgr:xml:ncslgr10l,4.896424707152454e-29,1.0,1.1210387714598537e-43
ncslgr:ncslgr10l:69,test,0,1,0,ncslgr:sequence:319,Norma Bowers Tourangeau,ncslgr:xml:ncslgr10l,2.372368274050629e-11,0.9999970197677612,2.942704895758652e-06
ncslgr:ncslgr10m:17,test,1,1,1,ncslgr:sequence:351,Norma Bowers Tourangeau,ncslgr:xml:ncslgr10m,0.0,1.0,0.0
ncslgr:ncslgr10m:38,test,1,0,0,ncslgr:sequence:48,Norma Bowers Tourangeau,ncslgr:xml:ncslgr10m,0.9999998807907104,1.6141076031317425e-08,1.6480974807109305e-07
ncslgr:ncslgr10m:42,test,1,2,0,ncslgr:sequence:85,Norma Bowers Tourangeau,ncslgr:xml:ncslgr10m,1.2854728415752868e-20,1.761364684872949e-24,1.0
ncslgr:ncslgr10m:47,test,1,1,1,ncslgr:sequence:49,Norma Bowers Tourangeau,ncslgr:xml:ncslgr10m,0.0,1.0,0.0
ncslgr:ncslgr10m:48,test,1,1,1,ncslgr:sequence:50,Norma Bowers Tourangeau,ncslgr:xml:ncslgr10m,0.0,1.0,0.0
ncslgr:ncslgr10m:59,test,1,2,0,ncslgr:sequence:80,Norma Bowers Tourangeau,ncslgr:xml:ncslgr10m,0.0,0.0,1.0
ncslgr:ncslgr10m:60,test,1,1,1,ncslgr:sequence:84,Norma Bowers Tourangeau,ncslgr:xml:ncslgr10m,2.1664074258461672e-42,1.0,5.1618044470786544e-20
ncslgr:ncslgr10m:61,test,1,1,1,ncslgr:sequence:86,Norma Bowers Tourangeau,ncslgr:xml:ncslgr10m,4.240843149323611e-38,0.9906022548675537,0.009397769346833229
ncslgr:ncslgr10m:62,test,1,1,1,ncslgr:sequence:87,Norma Bowers Tourangeau,ncslgr:xml:ncslgr10m,1.2113122564185157e-14,1.0,5.0585359875508426e-14
ncslgr:ncslgr10m:63,test,1,2,0,ncslgr:sequence:81,Norma Bowers Tourangeau,ncslgr:xml:ncslgr10m,1.0320270598632927e-37,4.813957943383684e-08,1.0
ncslgr:ncslgr10m:64,test,1,1,1,ncslgr:sequence:82,Norma Bowers Tourangeau,ncslgr:xml:ncslgr10m,0.0,0.9999788999557495,2.115868301189039e-05
ncslgr:ncslgr10m:65,test,1,2,0,ncslgr:sequence:88,Norma Bowers Tourangeau,ncslgr:xml:ncslgr10m,2.1794577861194986e-14,0.0,1.0
