canonical_id,duration_sec,target_phenomenon,requested_label_or_scope,source_license,ambiguity,reviewer_requirement,required_artifact,status
UNRESOLVED_ASLLRP_TRAIN_RECORDINGS,,negation;wh;polar;conditional,sentence grammatical function and anatomical marker as separate labels,ASLLRP research/education; no redistribution,Must be independent of external ASL-MTP recording groups,ASL-qualified annotation reviewer,grammar_train_val.jsonl plus authorized XML/EAF source and video paths,BLOCKED_DATA
UNRESOLVED_ASLLRP_SCOPE_RECORDINGS,,negation;wh;polar;conditional,marker_intervals and grammatical_scope_intervals separately,ASLLRP research/education; no redistribution,Marker presence is not functional scope; missing scope is not absence,Expert ASL annotation plus dual-annotator subset/adjudication,scope_annotations.jsonl with onset/offset resolution and agreement,BLOCKED_DATA
HOW2SIGN_CONTINUOUS_TARGETS,,lexical occurrences,same-language lexical mapping; occurrences; exhaustive absences,Local dataset access terms need local provenance audit,Captions/glosses and pseudo-alignments do not provide gold temporal spans,ASL-qualified sign annotation reviewer,queries.jsonl and occurrences.jsonl with canonical IDs/negative verification,BLOCKED_DATA
ncslgr:ncslgr10l:48,2.033333333333333,NEG (source-recorded reference),Independent function review; marker/anatomical phases/full grammatical scope separately; exhaustive absence only if explicitly reviewed,ASLLRP source research/education terms; no media redistribution or external upload,Source functional core is not independently adjudicated full grammatical scope; test-error selection is not representative; unknown is not absence,ASL-qualified reviewer; independent dual review of fixed first10cases and adjudication of disagreements,"reports/ncslgr_expert_review_v1/adjudicated.jsonl plus reviewer identities, source hashes and interval/label agreement",PENDING_ASL_EXPERT
ncslgr:ncslgr10d:10,3.033333333333333,YN (source-recorded reference),Independent function review; marker/anatomical phases/full grammatical scope separately; exhaustive absence only if explicitly reviewed,ASLLRP source research/education terms; no media redistribution or external upload,Source functional core is not independently adjudicated full grammatical scope; test-error selection is not representative; unknown is not absence,ASL-qualified reviewer; independent dual review of fixed first10cases and adjudication of disagreements,"reports/ncslgr_expert_review_v1/adjudicated.jsonl plus reviewer identities, source hashes and interval/label agreement",PENDING_ASL_EXPERT
ncslgr:ncslgr10f:27,4.5,WH (source-recorded reference),Independent function review; marker/anatomical phases/full grammatical scope separately; exhaustive absence only if explicitly reviewed,ASLLRP source research/education terms; no media redistribution or external upload,Source functional core is not independently adjudicated full grammatical scope; test-error selection is not representative; unknown is not absence,ASL-qualified reviewer; independent dual review of fixed first10cases and adjudication of disagreements,"reports/ncslgr_expert_review_v1/adjudicated.jsonl plus reviewer identities, source hashes and interval/label agreement",PENDING_ASL_EXPERT
ncslgr:ncslgr10e:12,3.2333333333333334,YN (source-recorded reference),Independent function review; marker/anatomical phases/full grammatical scope separately; exhaustive absence only if explicitly reviewed,ASLLRP source research/education terms; no media redistribution or external upload,Source functional core is not independently adjudicated full grammatical scope; test-error selection is not representative; unknown is not absence,ASL-qualified reviewer; independent dual review of fixed first10cases and adjudication of disagreements,"reports/ncslgr_expert_review_v1/adjudicated.jsonl plus reviewer identities, source hashes and interval/label agreement",PENDING_ASL_EXPERT
ncslgr:ncslgr10c:33,2.0,YN (source-recorded reference),Independent function review; marker/anatomical phases/full grammatical scope separately; exhaustive absence only if explicitly reviewed,ASLLRP source research/education terms; no media redistribution or external upload,Source functional core is not independently adjudicated full grammatical scope; test-error selection is not representative; unknown is not absence,ASL-qualified reviewer; independent dual review of fixed first10cases and adjudication of disagreements,"reports/ncslgr_expert_review_v1/adjudicated.jsonl plus reviewer identities, source hashes and interval/label agreement",PENDING_ASL_EXPERT
ncslgr:ncslgr10f:6,2.466666666666667,NEG (source-recorded reference),Independent function review; marker/anatomical phases/full grammatical scope separately; exhaustive absence only if explicitly reviewed,ASLLRP source research/education terms; no media redistribution or external upload,Source functional core is not independently adjudicated full grammatical scope; test-error selection is not representative; unknown is not absence,ASL-qualified reviewer; independent dual review of fixed first10cases and adjudication of disagreements,"reports/ncslgr_expert_review_v1/adjudicated.jsonl plus reviewer identities, source hashes and interval/label agreement",PENDING_ASL_EXPERT
ncslgr:ncslgr10c:28,2.566666666666667,WH (source-recorded reference),Independent function review; marker/anatomical phases/full grammatical scope separately; exhaustive absence only if explicitly reviewed,ASLLRP source research/education terms; no media redistribution or external upload,Source functional core is not independently adjudicated full grammatical scope; test-error selection is not representative; unknown is not absence,ASL-qualified reviewer; independent dual review of fixed first10cases and adjudication of disagreements,"reports/ncslgr_expert_review_v1/adjudicated.jsonl plus reviewer identities, source hashes and interval/label agreement",PENDING_ASL_EXPERT
ncslgr:ncslgr10d:2,2.066666666666667,NEG (source-recorded reference),Independent function review; marker/anatomical phases/full grammatical scope separately; exhaustive absence only if explicitly reviewed,ASLLRP source research/education terms; no media redistribution or external upload,Source functional core is not independently adjudicated full grammatical scope; test-error selection is not representative; unknown is not absence,ASL-qualified reviewer; independent dual review of fixed first10cases and adjudication of disagreements,"reports/ncslgr_expert_review_v1/adjudicated.jsonl plus reviewer identities, source hashes and interval/label agreement",PENDING_ASL_EXPERT
ncslgr:ncslgr10f:0,3.433333333333333,YN (source-recorded reference),Independent function review; marker/anatomical phases/full grammatical scope separately; exhaustive absence only if explicitly reviewed,ASLLRP source research/education terms; no media redistribution or external upload,Source functional core is not independently adjudicated full grammatical scope; test-error selection is not representative; unknown is not absence,ASL-qualified reviewer; independent dual review of fixed first10cases and adjudication of disagreements,"reports/ncslgr_expert_review_v1/adjudicated.jsonl plus reviewer identities, source hashes and interval/label agreement",PENDING_ASL_EXPERT
ncslgr:ncslgr10f:31,2.9,NEG (source-recorded reference),Independent function review; marker/anatomical phases/full grammatical scope separately; exhaustive absence only if explicitly reviewed,ASLLRP source research/education terms; no media redistribution or external upload,Source functional core is not independently adjudicated full grammatical scope; test-error selection is not representative; unknown is not absence,ASL-qualified reviewer; independent dual review of fixed first10cases and adjudication of disagreements,"reports/ncslgr_expert_review_v1/adjudicated.jsonl plus reviewer identities, source hashes and interval/label agreement",PENDING_ASL_EXPERT
ncslgr:ncslgr10e:17,2.433333333333333,YN (source-recorded reference),Independent function review; marker/anatomical phases/full grammatical scope separately; exhaustive absence only if explicitly reviewed,ASLLRP source research/education terms; no media redistribution or external upload,Source functional core is not independently adjudicated full grammatical scope; test-error selection is not representative; unknown is not absence,ASL-qualified reviewer; independent dual review of fixed first10cases and adjudication of disagreements,"reports/ncslgr_expert_review_v1/adjudicated.jsonl plus reviewer identities, source hashes and interval/label agreement",PENDING_ASL_EXPERT
ncslgr:ncslgr10d:29,2.4,YN (source-recorded reference),Independent function review; marker/anatomical phases/full grammatical scope separately; exhaustive absence only if explicitly reviewed,ASLLRP source research/education terms; no media redistribution or external upload,Source functional core is not independently adjudicated full grammatical scope; test-error selection is not representative; unknown is not absence,ASL-qualified reviewer; independent dual review of fixed first10cases and adjudication of disagreements,"reports/ncslgr_expert_review_v1/adjudicated.jsonl plus reviewer identities, source hashes and interval/label agreement",PENDING_ASL_EXPERT
ncslgr:ncslgr10f:49,2.7,NEG (source-recorded reference),Independent function review; marker/anatomical phases/full grammatical scope separately; exhaustive absence only if explicitly reviewed,ASLLRP source research/education terms; no media redistribution or external upload,Source functional core is not independently adjudicated full grammatical scope; test-error selection is not representative; unknown is not absence,ASL-qualified reviewer; independent dual review of fixed first10cases and adjudication of disagreements,"reports/ncslgr_expert_review_v1/adjudicated.jsonl plus reviewer identities, source hashes and interval/label agreement",PENDING_ASL_EXPERT
ncslgr:ncslgr10f:30,2.566666666666667,WH (source-recorded reference),Independent function review; marker/anatomical phases/full grammatical scope separately; exhaustive absence only if explicitly reviewed,ASLLRP source research/education terms; no media redistribution or external upload,Source functional core is not independently adjudicated full grammatical scope; test-error selection is not representative; unknown is not absence,ASL-qualified reviewer; independent dual review of fixed first10cases and adjudication of disagreements,"reports/ncslgr_expert_review_v1/adjudicated.jsonl plus reviewer identities, source hashes and interval/label agreement",PENDING_ASL_EXPERT
ncslgr:ncslgr10m:63,2.3666666666666667,WH (source-recorded reference),Independent function review; marker/anatomical phases/full grammatical scope separately; exhaustive absence only if explicitly reviewed,ASLLRP source research/education terms; no media redistribution or external upload,Source functional core is not independently adjudicated full grammatical scope; test-error selection is not representative; unknown is not absence,ASL-qualified reviewer; independent dual review of fixed first10cases and adjudication of disagreements,"reports/ncslgr_expert_review_v1/adjudicated.jsonl plus reviewer identities, source hashes and interval/label agreement",PENDING_ASL_EXPERT
ncslgr:ncslgr10f:18,2.933333333333333,WH (source-recorded reference),Independent function review; marker/anatomical phases/full grammatical scope separately; exhaustive absence only if explicitly reviewed,ASLLRP source research/education terms; no media redistribution or external upload,Source functional core is not independently adjudicated full grammatical scope; test-error selection is not representative; unknown is not absence,ASL-qualified reviewer; independent dual review of fixed first10cases and adjudication of disagreements,"reports/ncslgr_expert_review_v1/adjudicated.jsonl plus reviewer identities, source hashes and interval/label agreement",PENDING_ASL_EXPERT
ncslgr:ncslgr10f:28,3.1666666666666665,YN (source-recorded reference),Independent function review; marker/anatomical phases/full grammatical scope separately; exhaustive absence only if explicitly reviewed,ASLLRP source research/education terms; no media redistribution or external upload,Source functional core is not independently adjudicated full grammatical scope; test-error selection is not representative; unknown is not absence,ASL-qualified reviewer; independent dual review of fixed first10cases and adjudication of disagreements,"reports/ncslgr_expert_review_v1/adjudicated.jsonl plus reviewer identities, source hashes and interval/label agreement",PENDING_ASL_EXPERT
ncslgr:ncslgr10l:45,2.9,NEG (source-recorded reference),Independent function review; marker/anatomical phases/full grammatical scope separately; exhaustive absence only if explicitly reviewed,ASLLRP source research/education terms; no media redistribution or external upload,Source functional core is not independently adjudicated full grammatical scope; test-error selection is not representative; unknown is not absence,ASL-qualified reviewer; independent dual review of fixed first10cases and adjudication of disagreements,"reports/ncslgr_expert_review_v1/adjudicated.jsonl plus reviewer identities, source hashes and interval/label agreement",PENDING_ASL_EXPERT
ncslgr:ncslgr10e:18,3.0,YN (source-recorded reference),Independent function review; marker/anatomical phases/full grammatical scope separately; exhaustive absence only if explicitly reviewed,ASLLRP source research/education terms; no media redistribution or external upload,Source functional core is not independently adjudicated full grammatical scope; test-error selection is not representative; unknown is not absence,ASL-qualified reviewer; independent dual review of fixed first10cases and adjudication of disagreements,"reports/ncslgr_expert_review_v1/adjudicated.jsonl plus reviewer identities, source hashes and interval/label agreement",PENDING_ASL_EXPERT
ncslgr:ncslgr10m:62,2.033333333333333,WH (source-recorded reference),Independent function review; marker/anatomical phases/full grammatical scope separately; exhaustive absence only if explicitly reviewed,ASLLRP source research/education terms; no media redistribution or external upload,Source functional core is not independently adjudicated full grammatical scope; test-error selection is not representative; unknown is not absence,ASL-qualified reviewer; independent dual review of fixed first10cases and adjudication of disagreements,"reports/ncslgr_expert_review_v1/adjudicated.jsonl plus reviewer identities, source hashes and interval/label agreement",PENDING_ASL_EXPERT
ncslgr:ncslgr10f:51,2.533333333333333,WH (source-recorded reference),Independent function review; marker/anatomical phases/full grammatical scope separately; exhaustive absence only if explicitly reviewed,ASLLRP source research/education terms; no media redistribution or external upload,Source functional core is not independently adjudicated full grammatical scope; test-error selection is not representative; unknown is not absence,ASL-qualified reviewer; independent dual review of fixed first10cases and adjudication of disagreements,"reports/ncslgr_expert_review_v1/adjudicated.jsonl plus reviewer identities, source hashes and interval/label agreement",PENDING_ASL_EXPERT
ncslgr:ncslgr10e:16,2.3,YN (source-recorded reference),Independent function review; marker/anatomical phases/full grammatical scope separately; exhaustive absence only if explicitly reviewed,ASLLRP source research/education terms; no media redistribution or external upload,Source functional core is not independently adjudicated full grammatical scope; test-error selection is not representative; unknown is not absence,ASL-qualified reviewer; independent dual review of fixed first10cases and adjudication of disagreements,"reports/ncslgr_expert_review_v1/adjudicated.jsonl plus reviewer identities, source hashes and interval/label agreement",PENDING_ASL_EXPERT
ncslgr:ncslgr10c:31,2.066666666666667,NEG (source-recorded reference),Independent function review; marker/anatomical phases/full grammatical scope separately; exhaustive absence only if explicitly reviewed,ASLLRP source research/education terms; no media redistribution or external upload,Source functional core is not independently adjudicated full grammatical scope; test-error selection is not representative; unknown is not absence,ASL-qualified reviewer; independent dual review of fixed first10cases and adjudication of disagreements,"reports/ncslgr_expert_review_v1/adjudicated.jsonl plus reviewer identities, source hashes and interval/label agreement",PENDING_ASL_EXPERT
ncslgr:ncslgr10f:4,2.566666666666667,WH (source-recorded reference),Independent function review; marker/anatomical phases/full grammatical scope separately; exhaustive absence only if explicitly reviewed,ASLLRP source research/education terms; no media redistribution or external upload,Source functional core is not independently adjudicated full grammatical scope; test-error selection is not representative; unknown is not absence,ASL-qualified reviewer; independent dual review of fixed first10cases and adjudication of disagreements,"reports/ncslgr_expert_review_v1/adjudicated.jsonl plus reviewer identities, source hashes and interval/label agreement",PENDING_ASL_EXPERT
ncslgr:ncslgr10e:15,2.4,YN (source-recorded reference),Independent function review; marker/anatomical phases/full grammatical scope separately; exhaustive absence only if explicitly reviewed,ASLLRP source research/education terms; no media redistribution or external upload,Source functional core is not independently adjudicated full grammatical scope; test-error selection is not representative; unknown is not absence,ASL-qualified reviewer; independent dual review of fixed first10cases and adjudication of disagreements,"reports/ncslgr_expert_review_v1/adjudicated.jsonl plus reviewer identities, source hashes and interval/label agreement",PENDING_ASL_EXPERT
ncslgr:ncslgr10k:17,2.1333333333333333,WH (source-recorded reference),Independent function review; marker/anatomical phases/full grammatical scope separately; exhaustive absence only if explicitly reviewed,ASLLRP source research/education terms; no media redistribution or external upload,Source functional core is not independently adjudicated full grammatical scope; test-error selection is not representative; unknown is not absence,ASL-qualified reviewer; independent dual review of fixed first10cases and adjudication of disagreements,"reports/ncslgr_expert_review_v1/adjudicated.jsonl plus reviewer identities, source hashes and interval/label agreement",PENDING_ASL_EXPERT
ncslgr:ncslgr10l:39,2.066666666666667,NEG (source-recorded reference),Independent function review; marker/anatomical phases/full grammatical scope separately; exhaustive absence only if explicitly reviewed,ASLLRP source research/education terms; no media redistribution or external upload,Source functional core is not independently adjudicated full grammatical scope; test-error selection is not representative; unknown is not absence,ASL-qualified reviewer; independent dual review of fixed first10cases and adjudication of disagreements,"reports/ncslgr_expert_review_v1/adjudicated.jsonl plus reviewer identities, source hashes and interval/label agreement",PENDING_ASL_EXPERT
ncslgr:ncslgr10d:9,2.8333333333333335,YN (source-recorded reference),Independent function review; marker/anatomical phases/full grammatical scope separately; exhaustive absence only if explicitly reviewed,ASLLRP source research/education terms; no media redistribution or external upload,Source functional core is not independently adjudicated full grammatical scope; test-error selection is not representative; unknown is not absence,ASL-qualified reviewer; independent dual review of fixed first10cases and adjudication of disagreements,"reports/ncslgr_expert_review_v1/adjudicated.jsonl plus reviewer identities, source hashes and interval/label agreement",PENDING_ASL_EXPERT
ncslgr:ncslgr10d:3,2.033333333333333,YN (source-recorded reference),Independent function review; marker/anatomical phases/full grammatical scope separately; exhaustive absence only if explicitly reviewed,ASLLRP source research/education terms; no media redistribution or external upload,Source functional core is not independently adjudicated full grammatical scope; test-error selection is not representative; unknown is not absence,ASL-qualified reviewer; independent dual review of fixed first10cases and adjudication of disagreements,"reports/ncslgr_expert_review_v1/adjudicated.jsonl plus reviewer identities, source hashes and interval/label agreement",PENDING_ASL_EXPERT
ncslgr:ncslgr10m:47,2.533333333333333,WH (source-recorded reference),Independent function review; marker/anatomical phases/full grammatical scope separately; exhaustive absence only if explicitly reviewed,ASLLRP source research/education terms; no media redistribution or external upload,Source functional core is not independently adjudicated full grammatical scope; test-error selection is not representative; unknown is not absence,ASL-qualified reviewer; independent dual review of fixed first10cases and adjudication of disagreements,"reports/ncslgr_expert_review_v1/adjudicated.jsonl plus reviewer identities, source hashes and interval/label agreement",PENDING_ASL_EXPERT
