claim_id,claim,status,scope,evidence,limitation
C01,Seven dataset manifests contain 214613 schema-valid rows,OBSERVED,Metadata inventory,reports/manifest_validation.json; reports/manifest_coverage.json,File existence and schema validity do not establish decoding or gold grammar.
C02,ASL Citizen official signer IDs have no split overlap,OBSERVED,Official CSV signer metadata,reports/split_audit_asl_citizen.json,No visual-duplicate or pretraining-cleanliness conclusion.
C03,SignRep extracted all4726 common cohort clips,OBSERVED,Locked200class lexical cohort,features/signrep_common_v1/extraction_report.json,Not the full dataset benchmark.
C04,Centroid macro recall0.6525,MEASURED,Common_v1 test1600clips,reports/common_v1_B01_bootstrap.json,Fixed cohort; no grammar interpretation.
C05,Mean linear macro recall0.796875 across3seeds,MEASURED,Common_v1 test1600clips,reports/common_v1_B02_bootstrap.json,Conditional CI; no signer-population or seed uncertainty in bootstrap.
C06,Temporal-minus-linear macro recall delta0.0147917,MEASURED_WITH_CONFOUND,Paired recording bootstrap; seeds0/1/2,reports/common_v1_primary_bootstrap.json,B03 searches6candidates versus B02 searches3; not encoder-method novelty evidence.
C07,Native SHuBERT real-video GPU smoke passed on8trainclips,OBSERVED,Encoder/DINO strict load;12layer FFN branches; masks and timestamps,features/shubert_native_pilot_gpu_attempt4/report.json,Not native benchmark accuracy or exact downstream paper recipe.
C08,Frozen SignRep readouts classify positively recorded NEG/WH/YN type above train-prior point estimate on the internal cohort,MEASURED_WITH_LIMITS,Historical NCSLGR 88testutterances; one held-out test signer,runs/ncslgr_diagnostic_v1/summary.json; reports/ncslgr_diagnostic_audit.json,"Body/face/paired macro.6094/.5769/.5598; camera confounds and4sharedXMLarchives; no semantic absence, broad transfer or causal nonmanual-isolation claim."
C09,Scope-sensitive adaptation with lexical retention is novel,NOT_ESTABLISHED,Conditional research question,reports/novelty_matrix.csv,Local recorded-function diagnostic complete; no scope protocol/adaptation gain. P35/P36/P37 already address grammatical functions and temporal localization.
C10,"Non-manual cue modeling, structured subspaces or spotting is first",REJECTED,Prior-art positioning,evidence/literature_matrix.csv,P03/P04/P06/P07/P08/P11/P16/P26/P35/P36/P37 cover these task and component families.
C11,ASL-MTP metadata resolution supplies train/scope gold,REJECTED,External-only semantic pairs,reports/asl_mtp_resolution_pilot.json; reports/asl_mtp_metadata_audit.json,"Five pilot pairs metadata-resolved, review pending; no media or functional scope gold."
C12,Thirty error cases have completed linguistic review,FALSE_REVIEW_PENDING,Fixed error sample,reports/common_v1_error_audit/report.json,Only machine technical audit complete; ASL expertise and video identity review pending.
C13,Entire execution plan and novelty objective are complete,FALSE_IN_PROGRESS,Original user goal,state/tasks.json,"Native common controls, source review, translator, external/main-track evidence and final synthesis remain."
C14,Public-demo11625 local teacher-forced scoring/generation smoke passed and embedded encoder differs from W02,MEASURED_NUMERICAL_ONLY,One104frame source-captioned NCSLGR train-signer clip,features/shubert_translation_smoke_attempt1/report.json,Strict load;39tokens; padding maxlogit delta1.43e-6;213/226encoder tensors differ. No semantic-pair accuracy or exact paper reproduction.
C15,Recorded functional-core interval diagnostic completed with active-capacity and tuning matched readouts,MEASURED_EXPLORATORY_LIMITED,179positive single-event utterances;89train/25val/65test; one test signer,configs/protocol_ncslgr_intervals_v1.json; runs/ncslgr_intervals_v1/summary.json; reports/ncslgr_interval_audit.json,"Temporal-minus-global delta0.01666 CI[-0.02240,0.05262], improvement unsupported. Earlier classification test already observed. Not complete grammatical scope or absence detection."
C16,Train-only duration prior with fixed class predictions exceeds learned endpoint readouts in posthoc sensitivity,MEASURED_POSTHOC_NO_REFIT,Same65single-interval test utterances and already selected three-seed classifiers,reports/ncslgr_interval_audit.json,"Body temporalIoU0.34058 vs durationprior0.42237; no new primary, selection or population inference. Does not prove encoder lacks grammar."
C17,NativeNCSLGR222CPUcache and27frozencontrolheads completed; sourceclock/cache andsavedheadprediction integrityPASS.,LOCAL_MEASUREMENT_EXPLORATORY_COMPLETE_WITH_LIMITS,Native222clips/22154frames; strict175eligibleutterances and separateauthor-imputed222population.,features/shubert_native_ncslgr_v1/extraction_report.json; runs/fair_ncslgr_v1/summary.json; runs/ncslgr_author_pool_v1/summary.json; reports/native_ncslgr_controls_audit.json,"42clipszeroallfourobserved; strict47exclusions; one testsigner andsmallval. Differentcontext/cues; notcausalencodercomparison,completegrammar gold or novelty."
C18,Validation-selected temperature lowers existing categorical head NLL/Brier without changing predictions; all9temperatures at upper grid boundary8.,LOCAL_MEASUREMENT_EXPLORATORY_SENSITIVITY,"9immutable heads,27validation/88test utterances,3seeds. Body meanNLL13.197945to1.901478; paired-group deltaCI[-15.858035,-7.114935].",configs/protocol_ncslgr_calibration_v1.json; runs/ncslgr_calibration_v1/summary.json; reports/ncslgr_calibration_audit.json,"Same-cohort test already observed, validation reused for original head selection, one validation/test signer. Upper-grid-boundary choice; no established calibrated uncertainty, boundary/presence inference, adaptation or novelty."
C19,Native last-layer temporal-minus-global intervalIoU negative under locked equal-budget controls.,LOCAL_MEASUREMENT_EXPLORATORY_LIMITED,Strictcommon175utterances;61single-interval test;3seeds/3LR/100epochs/6915params.,runs/fair_ncslgr_v1/summary.json; reports/native_ncslgr_controls_audit.json,"Delta-.065512CI[-.128453,-.011054]. Allsixlearnedendpointheads belowpredeclaredtrainprior; noindependentreplication,causalencoderloss ornovelty."
C20,Author-imputed pooling preserves full222positivefunctionpopulation with observed masks separate.,LOCAL_MEASUREMENT_EXPLORATORY_SENSITIVITY,9matched2307paramheads;107train/27val/88test.,configs/protocol_ncslgr_author_pool_v1.json; runs/ncslgr_author_pool_v1/summary.json,"PrimarylastminusSignRep-.197168CI[-.318414,-.070525]; fixed12avgsecondarydelta-.031645CI[-.140834,.078313]. Strictresultfilesexistedatlock; no certifiedblind/independenttest orbesttestlayerselection."
C21,Semantic CLI backend reproduces source-caption NLL and identical-text tie credit on one 104-frame clip,OBSERVED_NUMERICAL_ONLY,"One training-signer clip, offline CPU W08 author-demo backend",features/semantic_pair_backend_smoke_attempt1/report.json,"No distinct semantic pairs, external accuracy or causal visual reliance."
C22,Q02 subsequence-DTW numerical implementation and complete synthetic CLI integration pass eight tests,OBSERVED_SYNTHETIC_ONLY,"Numerical clocks, matching, negative coverage, immutable provenance and evaluation contracts",reports/grounding_implementation_audit_v1.json; reports/integrity_checks.json; reports/grounding_readiness_v1/status.json,Real mapping/occurrence/absence/grouping missing; no real grounding metric or method novelty.
C23,Two fixed training clips pass eight-condition same-run numerical cue-intervention smoke,OBSERVED_NUMERICAL_ONLY,Training-only source clocks/masks and same-run repetition; new matched all-stream baseline,reports/ncslgr_branch_ablation_smoke_v3_audit.json; evidence/ncslgr_branch_ablation_reproduction_failure_v2/manifest.json,"Original-cache equivalence not certified; full175extraction/24heads pending; zeroing is distribution shift, no causal information or novelty claim."
