sample_id,split,gold,prediction,scope_supervised,predicted_start_sec,predicted_end_sec,gold_start_sec,gold_end_sec,recording_group,conservative_xml_group,signer,probability_NEG,probability_WH,probability_YN
ncslgr:ncslgr10c:27,test,1,1,1,2.0333280682563784,2.033333333333333,1.1666666666666667,1.7333333333333334,ncslgr:sequence:607,ncslgr:xml:ncslgr10c,Norma Bowers Tourangeau,0.00047703442396596074,0.9995229244232178,1.657458753578922e-10
ncslgr:ncslgr10c:28,test,1,1,1,0.0333333333333355,2.3333333333333335,1.4,1.8333333333333333,ncslgr:sequence:611,ncslgr:xml:ncslgr10c,Norma Bowers Tourangeau,2.438528490245062e-09,1.0,2.0859913479256157e-16
ncslgr:ncslgr10c:30,test,0,0,0,0.20000000016236066,3.033333333333333,,,ncslgr:sequence:619,ncslgr:xml:ncslgr10c,Norma Bowers Tourangeau,1.0,2.7056590792664864e-16,8.598173214063279e-16
ncslgr:ncslgr10c:31,test,0,0,1,0.3000000015734715,1.5333333333333334,0.5,1.2666666666666666,ncslgr:sequence:621,ncslgr:xml:ncslgr10c,Norma Bowers Tourangeau,1.0,3.390330505287677e-24,4.043085966335873e-20
ncslgr:ncslgr10c:32,test,0,0,0,0.06674034369752917,2.533333333333333,,,ncslgr:sequence:622,ncslgr:xml:ncslgr10c,Norma Bowers Tourangeau,1.0,2.1931276264133538e-21,1.1406878615317277e-27
ncslgr:ncslgr10c:33,test,2,0,1,0.3000013708178699,1.8,0.43333333333333335,1.4666666666666666,ncslgr:sequence:623,ncslgr:xml:ncslgr10c,Norma Bowers Tourangeau,0.9999997615814209,8.204706061420588e-18,2.3423714878845203e-07
ncslgr:ncslgr10c:34,test,2,0,0,0.1000067118900006,2.1662935455640158,,,ncslgr:sequence:624,ncslgr:xml:ncslgr10c,Norma Bowers Tourangeau,0.9999667406082153,3.320646283100359e-05,5.199601495816985e-18
ncslgr:ncslgr10c:38,test,0,0,0,0.13333333336749467,2.1333333333333333,,,ncslgr:sequence:628,ncslgr:xml:ncslgr10c,Norma Bowers Tourangeau,1.0,1.5684026521967098e-08,2.0802543715392474e-12
ncslgr:ncslgr10c:39,test,0,0,0,0.10000000000000385,2.2,,,ncslgr:sequence:629,ncslgr:xml:ncslgr10c,Norma Bowers Tourangeau,0.9999997615814209,2.606105908853351e-07,3.8813258163017395e-10
ncslgr:ncslgr10d:10,test,2,1,1,2.598813549677531,2.6666666666666665,0.43333333333333335,2.3333333333333335,ncslgr:sequence:647,ncslgr:xml:ncslgr10d,Norma Bowers Tourangeau,0.18732105195522308,0.8124484419822693,0.0002305198140675202
ncslgr:ncslgr10d:11,test,0,0,0,0.23333454742139187,3.7333324988683065,,,ncslgr:sequence:654,ncslgr:xml:ncslgr10d,Norma Bowers Tourangeau,0.9869753122329712,5.1218659535834377e-08,0.01302474457770586
ncslgr:ncslgr10d:12,test,0,0,0,0.36666666666666675,3.4,,,ncslgr:sequence:655,ncslgr:xml:ncslgr10d,Norma Bowers Tourangeau,1.0,2.212437527734422e-21,5.202716729657553e-12
ncslgr:ncslgr10d:13,test,0,0,0,2.834381834665934,4.4,,,ncslgr:sequence:657,ncslgr:xml:ncslgr10d,Norma Bowers Tourangeau,1.0,1.6638532880712239e-15,2.71774963644944e-10
ncslgr:ncslgr10d:2,test,0,2,1,0.30285225759726014,1.6666666666666667,0.7666666666666667,1.5333333333333334,ncslgr:sequence:632,ncslgr:xml:ncslgr10d,Norma Bowers Tourangeau,0.05505770444869995,2.2602413082495332e-05,0.9449197053909302
ncslgr:ncslgr10d:20,test,0,0,0,0.36666666670912806,1.9333333333333333,,,ncslgr:sequence:664,ncslgr:xml:ncslgr10d,Norma Bowers Tourangeau,1.0,9.086071088300113e-20,8.260730177128192e-19
ncslgr:ncslgr10d:23,test,0,0,0,3.5019901053109e-08,1.6666666666666667,,,ncslgr:sequence:668,ncslgr:xml:ncslgr10d,Norma Bowers Tourangeau,1.0,1.50700836938511e-21,1.3965351286302942e-18
ncslgr:ncslgr10d:24,test,0,0,0,0.16669998192931718,2.1,,,ncslgr:sequence:669,ncslgr:xml:ncslgr10d,Norma Bowers Tourangeau,1.0,6.430252273442246e-18,4.969393011984027e-16
ncslgr:ncslgr10d:26,test,1,0,1,1.0000000000003666,4.066666666666666,1.3,3.7,ncslgr:sequence:672,ncslgr:xml:ncslgr10d,Norma Bowers Tourangeau,0.505200207233429,0.007102633360773325,0.48769715428352356
ncslgr:ncslgr10d:27,test,1,2,0,9.503944748227392e-08,2.7333333333333334,,,ncslgr:sequence:673,ncslgr:xml:ncslgr10d,Norma Bowers Tourangeau,0.04847700893878937,0.0023774688597768545,0.9491455554962158
ncslgr:ncslgr10d:29,test,2,2,1,0.23333333333333345,2.033333333333333,0.3333333333333333,1.6666666666666667,ncslgr:sequence:676,ncslgr:xml:ncslgr10d,Norma Bowers Tourangeau,0.0055309562012553215,1.7804251725272308e-13,0.9944690465927124
ncslgr:ncslgr10d:3,test,2,2,1,0.2666666666683717,1.5333333333333334,0.4,1.2333333333333334,ncslgr:sequence:633,ncslgr:xml:ncslgr10d,Norma Bowers Tourangeau,1.0124247064142934e-15,1.940770196096826e-17,1.0
ncslgr:ncslgr10d:30,test,2,0,0,0.3633284968634446,2.426046820481618,,,ncslgr:sequence:677,ncslgr:xml:ncslgr10d,Norma Bowers Tourangeau,1.0,4.483842471242987e-23,2.5532479241974215e-08
ncslgr:ncslgr10d:31,test,0,0,1,0.7042426397403081,1.633266278107961,0.43333333333333335,1.4666666666666666,ncslgr:sequence:678,ncslgr:xml:ncslgr10d,Norma Bowers Tourangeau,1.0,1.0909156196123924e-22,1.850626594039639e-15
ncslgr:ncslgr10d:9,test,2,0,1,0.23333333333333334,2.433333333333333,0.36666666666666664,2.1666666666666665,ncslgr:sequence:646,ncslgr:xml:ncslgr10d,Norma Bowers Tourangeau,1.0,9.222797525687554e-10,1.7020432372533145e-12
ncslgr:ncslgr10e:1,test,2,0,1,0.4666666666666667,2.933333333333333,0.4666666666666667,2.566666666666667,ncslgr:sequence:682,ncslgr:xml:ncslgr10e,Norma Bowers Tourangeau,1.0,5.247224876825385e-08,1.4536377100128357e-15
ncslgr:ncslgr10e:12,test,2,0,1,0.26666718606764966,2.9,0.26666666666666666,2.5,ncslgr:sequence:694,ncslgr:xml:ncslgr10e,Norma Bowers Tourangeau,0.9999973773956299,7.566678990209653e-17,2.6288616936653852e-06
ncslgr:ncslgr10e:13,test,1,0,1,0.10016234905269812,2.7333333333333334,0.4,2.533333333333333,ncslgr:sequence:695,ncslgr:xml:ncslgr10e,Norma Bowers Tourangeau,0.9999985694885254,1.4243059922591783e-06,1.0148816737085703e-13
ncslgr:ncslgr10e:15,test,2,2,1,0.46666666666666673,2.033333333333333,0.6,1.7666666666666666,ncslgr:sequence:710,ncslgr:xml:ncslgr10e,Norma Bowers Tourangeau,1.1799932978970827e-14,1.0524470477872516e-28,1.0
ncslgr:ncslgr10e:16,test,2,2,1,0.6333333333333333,2.1666666666666665,0.7333333333333333,1.8333333333333333,ncslgr:sequence:711,ncslgr:xml:ncslgr10e,Norma Bowers Tourangeau,1.5005471887251669e-16,4.4854712802518746e-29,1.0
ncslgr:ncslgr10e:17,test,2,0,1,0.3333333333449545,2.1,0.5,1.7666666666666666,ncslgr:sequence:712,ncslgr:xml:ncslgr10e,Norma Bowers Tourangeau,0.49094778299331665,0.09876648336648941,0.41028571128845215
ncslgr:ncslgr10e:18,test,2,1,1,0.43333335555325475,2.466666666666667,0.5333333333333333,2.1666666666666665,ncslgr:sequence:713,ncslgr:xml:ncslgr10e,Norma Bowers Tourangeau,2.0199466008414218e-16,1.0,4.3177561082075044e-08
ncslgr:ncslgr10e:2,test,2,0,1,0.066666666666692,1.9666666666666666,0.06666666666666667,1.7333333333333334,ncslgr:sequence:683,ncslgr:xml:ncslgr10e,Norma Bowers Tourangeau,1.0,4.31622182063065e-28,1.5848184310024438e-12
ncslgr:ncslgr10f:0,test,2,1,1,0.47851979949822027,3.0,0.7666666666666667,2.6333333333333333,ncslgr:sequence:731,ncslgr:xml:ncslgr10f,Norma Bowers Tourangeau,3.355908884117298e-10,1.0,1.116406167511741e-08
ncslgr:ncslgr10f:1,test,2,1,1,2.2999997695287067,2.3,0.36666666666666664,2.066666666666667,ncslgr:sequence:732,ncslgr:xml:ncslgr10f,Norma Bowers Tourangeau,1.6991108227424473e-13,0.9862861037254333,0.013713841326534748
ncslgr:ncslgr10f:10,test,2,2,1,0.5667757832910866,2.2,0.5666666666666667,1.9666666666666666,ncslgr:sequence:742,ncslgr:xml:ncslgr10f,Norma Bowers Tourangeau,1.6098994137792033e-07,8.355985106861356e-15,0.9999998807907104
ncslgr:ncslgr10f:17,test,1,0,1,0.2,1.9666666666666666,0.3,1.7333333333333334,ncslgr:sequence:750,ncslgr:xml:ncslgr10f,Norma Bowers Tourangeau,1.0,5.611951746576847e-24,5.82236645973585e-31
ncslgr:ncslgr10f:18,test,1,0,1,0.3666666666666682,2.5,1.6666666666666667,2.3,ncslgr:sequence:751,ncslgr:xml:ncslgr10f,Norma Bowers Tourangeau,1.0,2.387310698590878e-21,3.415091718196501e-27
ncslgr:ncslgr10f:27,test,1,0,1,1.4666666786199967,4.266666666666667,2.1,3.966666666666667,ncslgr:sequence:761,ncslgr:xml:ncslgr10f,Norma Bowers Tourangeau,1.0,4.606079471257425e-17,3.7123877030095864e-24
ncslgr:ncslgr10f:28,test,2,2,1,0.8666887195364932,2.6,0.8666666666666667,2.466666666666667,ncslgr:sequence:762,ncslgr:xml:ncslgr10f,Norma Bowers Tourangeau,0.0006951306713744998,5.564357365983597e-07,0.9993042945861816
ncslgr:ncslgr10f:29,test,1,1,1,0.3333333333333336,2.1666666666666665,1.3666666666666667,1.9,ncslgr:sequence:763,ncslgr:xml:ncslgr10f,Norma Bowers Tourangeau,2.9255044864839874e-05,0.9999707937240601,9.26341902490746e-12
ncslgr:ncslgr10f:3,test,1,0,1,0.1333333333333361,2.2333333333333334,0.4,2.033333333333333,ncslgr:sequence:734,ncslgr:xml:ncslgr10f,Norma Bowers Tourangeau,1.0,7.088728572884471e-18,1.3947307198058922e-10
ncslgr:ncslgr10f:30,test,1,1,1,0.36666666666667824,1.9333333333333333,1.4333333333333333,1.8333333333333333,ncslgr:sequence:764,ncslgr:xml:ncslgr10f,Norma Bowers Tourangeau,1.0198124122950958e-08,1.0,1.2068644972274e-09
ncslgr:ncslgr10f:31,test,0,0,1,1.017344276110331,2.3,0.9333333333333333,2.066666666666667,ncslgr:sequence:765,ncslgr:xml:ncslgr10f,Norma Bowers Tourangeau,1.0,3.2186133526879708e-27,2.7687184287950458e-27
ncslgr:ncslgr10f:32,test,2,0,1,0.4666666666674201,1.5666666666666669,0.4666666666666667,1.3666666666666667,ncslgr:sequence:767,ncslgr:xml:ncslgr10f,Norma Bowers Tourangeau,0.9999995231628418,2.655082750879778e-12,4.967556037627219e-07
ncslgr:ncslgr10f:33,test,1,1,1,0.4,2.3333333333333335,1.4666666666666666,2.1,ncslgr:sequence:769,ncslgr:xml:ncslgr10f,Norma Bowers Tourangeau,1.201552635166081e-08,0.9260085821151733,0.07399147003889084
ncslgr:ncslgr10f:34,test,0,0,1,0.9105937449261546,2.9,1.1,2.8,ncslgr:sequence:770,ncslgr:xml:ncslgr10f,Norma Bowers Tourangeau,0.999974250793457,4.335708605901771e-16,2.5778408598853275e-05
ncslgr:ncslgr10f:35,test,0,0,0,0.2333333333509531,2.433333333333333,,,ncslgr:sequence:771,ncslgr:xml:ncslgr10f,Norma Bowers Tourangeau,1.0,2.6445101508226676e-20,7.159926731364896e-12
ncslgr:ncslgr10f:36,test,0,0,0,0.33333333333337656,2.3666666666666667,,,ncslgr:sequence:772,ncslgr:xml:ncslgr10f,Norma Bowers Tourangeau,0.7424517273902893,3.7187291718470284e-15,0.2575482726097107
ncslgr:ncslgr10f:37,test,0,2,0,0.13333333333333333,2.433333333333333,,,ncslgr:sequence:773,ncslgr:xml:ncslgr10f,Norma Bowers Tourangeau,0.34106531739234924,1.38938474030849e-20,0.6589345932006836
ncslgr:ncslgr10f:4,test,1,0,1,0.2333333333333452,2.3666666666666667,1.3,2.033333333333333,ncslgr:sequence:736,ncslgr:xml:ncslgr10f,Norma Bowers Tourangeau,1.0,1.7758438275450317e-08,3.9305970034320126e-08
ncslgr:ncslgr10f:46,test,0,0,0,1.2507448573907216,2.033333333333333,,,ncslgr:sequence:794,ncslgr:xml:ncslgr10f,Norma Bowers Tourangeau,1.0,7.899549703590793e-17,1.7352460473287875e-19
ncslgr:ncslgr10f:47,test,0,0,1,0.3666666666759975,1.5333333333333334,0.5,1.3666666666666667,ncslgr:sequence:795,ncslgr:xml:ncslgr10f,Norma Bowers Tourangeau,1.0,1.2829677709211458e-15,2.249444222199564e-17
ncslgr:ncslgr10f:48,test,0,0,0,0.3852447026719649,1.6333333333333333,,,ncslgr:sequence:796,ncslgr:xml:ncslgr10f,Norma Bowers Tourangeau,1.0,5.808545905850902e-16,3.2661688024321345e-13
ncslgr:ncslgr10f:49,test,0,2,1,0.40000000000000996,1.4666666666666663,0.5333333333333333,1.4333333333333333,ncslgr:sequence:798,ncslgr:xml:ncslgr10f,Norma Bowers Tourangeau,0.000480625603813678,2.525846665243189e-19,0.9995193481445312
ncslgr:ncslgr10f:5,test,1,0,1,0.43333333333335594,2.2666666666666666,1.6,2.066666666666667,ncslgr:sequence:737,ncslgr:xml:ncslgr10f,Norma Bowers Tourangeau,1.0,2.031258191162455e-13,1.8539423468633132e-13
ncslgr:ncslgr10f:50,test,2,0,1,0.6709217915466675,1.7999999999999998,0.6666666666666666,1.6666666666666667,ncslgr:sequence:799,ncslgr:xml:ncslgr10f,Norma Bowers Tourangeau,0.8620517253875732,2.046429059467548e-15,0.13794825971126556
ncslgr:ncslgr10f:51,test,1,0,1,0.10000000032380853,1.7666666666666666,0.2,1.7666666666666666,ncslgr:sequence:800,ncslgr:xml:ncslgr10f,Norma Bowers Tourangeau,1.0,5.467821750926305e-09,1.8252660494155748e-09
ncslgr:ncslgr10f:6,test,0,0,1,0.26666668573023783,2.1,0.6,2.066666666666667,ncslgr:sequence:738,ncslgr:xml:ncslgr10f,Norma Bowers Tourangeau,1.0,4.6253096838699825e-12,1.4228740662916226e-14
ncslgr:ncslgr10f:7,test,1,0,1,0.13333333333333366,2.7,1.7,2.466666666666667,ncslgr:sequence:739,ncslgr:xml:ncslgr10f,Norma Bowers Tourangeau,1.0,1.6969446292591783e-08,1.2234595506211337e-16
ncslgr:ncslgr10f:8,test,2,0,1,0.9333333333333335,2.6,0.9333333333333333,2.466666666666667,ncslgr:sequence:740,ncslgr:xml:ncslgr10f,Norma Bowers Tourangeau,1.0,1.0137639859519876e-11,7.653233602411547e-10
ncslgr:ncslgr10f:9,test,2,0,1,0.3000000000000077,1.9,0.5,1.6666666666666667,ncslgr:sequence:741,ncslgr:xml:ncslgr10f,Norma Bowers Tourangeau,0.9998509883880615,0.00013011816190555692,1.8822651327354833e-05
ncslgr:ncslgr10k:14,test,2,2,0,1.9420943538347881,2.0630676309267684,,,ncslgr:sequence:776,ncslgr:xml:ncslgr10k,Norma Bowers Tourangeau,9.6217843292834e-07,2.511867999450951e-16,0.9999990463256836
ncslgr:ncslgr10k:15,test,2,0,1,2.1333079020182293,2.1333328247070313,0.43333333333333335,1.8,ncslgr:sequence:777,ncslgr:xml:ncslgr10k,Norma Bowers Tourangeau,1.0,5.220700805291681e-19,8.47697814720938e-11
ncslgr:ncslgr10k:16,test,1,0,1,2.0552811145782472,2.066666666666667,0.3333333333333333,1.6666666666666667,ncslgr:sequence:778,ncslgr:xml:ncslgr10k,Norma Bowers Tourangeau,0.9999998807907104,1.4342603549266641e-07,1.0788378523862718e-10
ncslgr:ncslgr10k:17,test,1,0,1,0.008657130195448795,1.9666666666666666,0.36666666666666664,1.5666666666666667,ncslgr:sequence:779,ncslgr:xml:ncslgr10k,Norma Bowers Tourangeau,0.6955779790878296,0.304421991109848,6.335681084585973e-15
ncslgr:ncslgr10l:39,test,0,2,1,1.4027339935302736,2.073656670252482,0.8666666666666667,1.8,ncslgr:sequence:92,ncslgr:xml:ncslgr10l,Norma Bowers Tourangeau,0.040441736578941345,2.4042703383742037e-09,0.9595582485198975
ncslgr:ncslgr10l:42,test,0,0,0,0.3341539611419042,2.433333333333333,,,ncslgr:sequence:98,ncslgr:xml:ncslgr10l,Norma Bowers Tourangeau,1.0,1.591867928351021e-16,1.7059144813015985e-19
ncslgr:ncslgr10l:45,test,0,0,1,8.513437889841787e-10,2.2333333333333334,0.8,2.2333333333333334,ncslgr:sequence:96,ncslgr:xml:ncslgr10l,Norma Bowers Tourangeau,1.0,4.159921376551551e-13,1.4416379001282024e-15
ncslgr:ncslgr10l:46,test,0,0,1,0.06666666669280194,2.1666666666666665,0.7666666666666667,1.8,ncslgr:sequence:287,ncslgr:xml:ncslgr10l,Norma Bowers Tourangeau,1.0,3.351151578456779e-09,1.3699335936478985e-11
ncslgr:ncslgr10l:47,test,0,0,1,0.033333333395724495,1.9,0.6666666666666666,1.5333333333333334,ncslgr:sequence:289,ncslgr:xml:ncslgr10l,Norma Bowers Tourangeau,1.0,4.5146219119877873e-13,1.682067842217333e-14
ncslgr:ncslgr10l:48,test,0,1,1,1.8185501098632812,1.9331782341003418,0.6,1.8,ncslgr:sequence:291,ncslgr:xml:ncslgr10l,Norma Bowers Tourangeau,0.11802930384874344,0.5943679213523865,0.2876027524471283
ncslgr:ncslgr10l:52,test,0,0,1,0.002204941771924496,2.066666666666667,0.5,1.9,ncslgr:sequence:99,ncslgr:xml:ncslgr10l,Norma Bowers Tourangeau,1.0,5.102412323335373e-18,4.45024823914754e-19
ncslgr:ncslgr10l:58,test,0,0,1,2.227977102994919,2.2333333333333334,1.0,1.8666666666666667,ncslgr:sequence:109,ncslgr:xml:ncslgr10l,Norma Bowers Tourangeau,1.0,1.1037777325538169e-17,1.9715790446594887e-19
ncslgr:ncslgr10l:59,test,0,0,1,2.6165338655312858,2.6333333333333333,1.1666666666666667,2.6333333333333333,ncslgr:sequence:110,ncslgr:xml:ncslgr10l,Norma Bowers Tourangeau,1.0,7.006882053739449e-13,1.786233928806825e-21
ncslgr:ncslgr10l:63,test,0,0,0,9.62938095146887e-13,2.1,,,ncslgr:sequence:117,ncslgr:xml:ncslgr10l,Norma Bowers Tourangeau,0.9997414946556091,0.00025844364427030087,4.960643007478893e-10
ncslgr:ncslgr10l:69,test,0,0,1,3.310593489523732e-13,2.7333333333333334,0.5,1.5333333333333334,ncslgr:sequence:319,ncslgr:xml:ncslgr10l,Norma Bowers Tourangeau,1.0,8.526316762169737e-16,1.2998997477785225e-15
ncslgr:ncslgr10m:17,test,1,0,1,3.033331235249837,3.033333333333333,0.6666666666666666,3.033333333333333,ncslgr:sequence:351,ncslgr:xml:ncslgr10m,Norma Bowers Tourangeau,1.0,1.2108977015534705e-12,1.2657191824125084e-17
ncslgr:ncslgr10m:38,test,1,0,0,0.10004230401427777,3.1666666666666665,,,ncslgr:sequence:48,ncslgr:xml:ncslgr10m,Norma Bowers Tourangeau,1.0,1.0482505982017114e-23,5.688799230815757e-29
ncslgr:ncslgr10m:42,test,1,1,1,0.0666666666666667,2.3333333333333335,0.26666666666666666,2.066666666666667,ncslgr:sequence:85,ncslgr:xml:ncslgr10m,Norma Bowers Tourangeau,3.8227241816457536e-08,0.9995654225349426,0.0004345472261775285
ncslgr:ncslgr10m:47,test,1,1,1,0.2,2.2666666666666666,0.4,1.8,ncslgr:sequence:49,ncslgr:xml:ncslgr10m,Norma Bowers Tourangeau,0.1679411679506302,0.8320587873458862,5.332277543757734e-17
ncslgr:ncslgr10m:48,test,1,0,1,3.848537108034068e-24,1.8333333333333333,0.2,1.4333333333333333,ncslgr:sequence:50,ncslgr:xml:ncslgr10m,Norma Bowers Tourangeau,0.9998292922973633,0.0001706781768007204,1.8358386544407486e-18
ncslgr:ncslgr10m:59,test,1,1,0,0.16666666666666666,2.1,,,ncslgr:sequence:80,ncslgr:xml:ncslgr10m,Norma Bowers Tourangeau,5.312610483088065e-06,0.9999852180480957,9.43834675126709e-06
ncslgr:ncslgr10m:60,test,1,0,1,0.1,2.2,0.8,1.7,ncslgr:sequence:84,ncslgr:xml:ncslgr10m,Norma Bowers Tourangeau,1.0,3.1805256505807756e-24,7.806262259340532e-18
ncslgr:ncslgr10m:61,test,1,1,1,0.2,2.2333333333333334,0.3333333333333333,1.5666666666666667,ncslgr:sequence:86,ncslgr:xml:ncslgr10m,Norma Bowers Tourangeau,1.7534757287219406e-22,1.0,8.402534791185102e-28
ncslgr:ncslgr10m:62,test,1,0,1,0.13333333333333333,1.8333333333333333,0.3,1.5,ncslgr:sequence:87,ncslgr:xml:ncslgr10m,Norma Bowers Tourangeau,0.8495777249336243,1.0536382433201652e-08,0.15042231976985931
ncslgr:ncslgr10m:63,test,1,0,1,0.43333333924736,2.3666666666666667,0.8,1.7666666666666666,ncslgr:sequence:81,ncslgr:xml:ncslgr10m,Norma Bowers Tourangeau,1.0,3.877980703145591e-18,6.006227266905567e-23
ncslgr:ncslgr10m:64,test,1,1,1,0.1,1.7,0.8,1.3,ncslgr:sequence:82,ncslgr:xml:ncslgr10m,Norma Bowers Tourangeau,1.9386741876330414e-19,1.0,1.3812440229230038e-19
ncslgr:ncslgr10m:65,test,1,2,1,0.26092895219723383,1.5666663328806558,0.43333333333333335,1.0333333333333334,ncslgr:sequence:88,ncslgr:xml:ncslgr10m,Norma Bowers Tourangeau,0.0002863217960111797,3.6321217470561707e-16,0.9997135996818542
