canonical_id,body_video_path,face_video_path,duration_sec,fps,reviewer_id,review_status,video_identity_verified,function_labels,marker_intervals_json,anatomical_phases_json,grammatical_scope_intervals_json,absence_coverage_reviewed,uncertain_or_unannotated_intervals_json,manual_semantic_match_review,notes
ncslgr:ncslgr10l:48,/home/haipd/Sign_Representations/data/external/ncslgr/diagnostic_v1/2977ff14b17d8a374dcd13be016c527b00783f4db3ca084337396e5ae2bae587.avi,/home/haipd/Sign_Representations/data/external/ncslgr/diagnostic_v1/711fb113e8d4dd7472ca983858b9c53da9083172027efdf3b4fc2002bb26fbfb.avi,2.033333333333333,30.0,,PENDING_ASL_EXPERT,,,,,,,,,
ncslgr:ncslgr10d:10,/home/haipd/Sign_Representations/data/external/ncslgr/diagnostic_v1/e8e86a8c2af45ae435fbaef76bbeb0e9fb44fb6e6a717ad8f76702dd6890c6a5.avi,/home/haipd/Sign_Representations/data/external/ncslgr/diagnostic_v1/35b24255d19f0c0a783b75d3fd910a6fb072b099ffd9183fbb4a8dedbd525f85.avi,3.033333333333333,30.0,,PENDING_ASL_EXPERT,,,,,,,,,
ncslgr:ncslgr10f:27,/home/haipd/Sign_Representations/data/external/ncslgr/diagnostic_v1/81253e64c80c063ffffe5a8520da648e560a85756cd934077d51b30edc3b114a.avi,/home/haipd/Sign_Representations/data/external/ncslgr/diagnostic_v1/524a7ed17ddecf52808bfa8eed1edbb8b3da608b1ea41b6271b9f9d58accf03c.avi,4.5,30.0,,PENDING_ASL_EXPERT,,,,,,,,,
ncslgr:ncslgr10e:12,/home/haipd/Sign_Representations/data/external/ncslgr/diagnostic_v1/fd24688f1e8acf1f0cc345a72e277086eeda56ae0cdfdd7a14b8b2246b697f19.avi,/home/haipd/Sign_Representations/data/external/ncslgr/diagnostic_v1/0c26a0fec2312e8a8612fa8daf4cbccb49f99698d1072d54fb47b4a8c4071b4c.avi,3.2333333333333334,30.0,,PENDING_ASL_EXPERT,,,,,,,,,
ncslgr:ncslgr10c:33,/home/haipd/Sign_Representations/data/external/ncslgr/diagnostic_v1/f66a56323a4cdb63fd2e3ecd4e9882521cb611bd253cb2c0dcc6a9a435b78b06.avi,/home/haipd/Sign_Representations/data/external/ncslgr/diagnostic_v1/33b0358e0efa23f0eab5cc16c407f833d25f4531c81617ef7c08980535115bda.avi,2.0,30.0,,PENDING_ASL_EXPERT,,,,,,,,,
ncslgr:ncslgr10f:6,/home/haipd/Sign_Representations/data/external/ncslgr/diagnostic_v1/ab590172222c2ac6a16f9885ffefdd3742a038bde5f01a55267aa167bcf693de.avi,/home/haipd/Sign_Representations/data/external/ncslgr/diagnostic_v1/6fefbae434381015a68e8a215ec734c3f7f952328b6d357c5b9d78b421b14340.avi,2.466666666666667,30.0,,PENDING_ASL_EXPERT,,,,,,,,,
ncslgr:ncslgr10c:28,/home/haipd/Sign_Representations/data/external/ncslgr/diagnostic_v1/24c6141d85ff218e157b2b87540854a7f1504a5fd2da9c6887eec0cadd31cdce.avi,/home/haipd/Sign_Representations/data/external/ncslgr/diagnostic_v1/3953742c19f065c8c23b1201071a677457b6ad142317f52559986befa1d21717.avi,2.566666666666667,30.0,,PENDING_ASL_EXPERT,,,,,,,,,
ncslgr:ncslgr10d:2,/home/haipd/Sign_Representations/data/external/ncslgr/diagnostic_v1/218e8182832f1723a1d6c9525ed12608b48e59c09914c3cf27bfe7c7570d1548.avi,/home/haipd/Sign_Representations/data/external/ncslgr/diagnostic_v1/12a88df05a9b8ee9e0f38caf01561ef487d8ea7b32419836170ba26f2a5a52f9.avi,2.066666666666667,30.0,,PENDING_ASL_EXPERT,,,,,,,,,
ncslgr:ncslgr10f:0,/home/haipd/Sign_Representations/data/external/ncslgr/diagnostic_v1/393d8cef1e78c8f896343ff989a5e3cfb6845b8ea2582ca66558c2c5202d056e.avi,/home/haipd/Sign_Representations/data/external/ncslgr/diagnostic_v1/b3fa2ab443608920eaa90ee86af3cd7263ee706220b3ec7258448f4eaf9c4e2f.avi,3.433333333333333,30.0,,PENDING_ASL_EXPERT,,,,,,,,,
ncslgr:ncslgr10f:31,/home/haipd/Sign_Representations/data/external/ncslgr/diagnostic_v1/a1b564cec8bc3edf0c665f599fa1fdc67ee0d129339b64bfaf44969f1f16cd72.avi,/home/haipd/Sign_Representations/data/external/ncslgr/diagnostic_v1/776d321c4abf03b0cff560e4a9163a23ccd52c13dc0e11609e218c42a8729389.avi,2.9,30.0,,PENDING_ASL_EXPERT,,,,,,,,,
ncslgr:ncslgr10e:17,/home/haipd/Sign_Representations/data/external/ncslgr/diagnostic_v1/be54732c88404a554f9145ea6f19f24d6d9847f61818a0d92b40a60a7d03c1c7.avi,/home/haipd/Sign_Representations/data/external/ncslgr/diagnostic_v1/8133bc74ca99d8050b859e50b58ddf5f5274b034f08570a63386fd7281af9b65.avi,2.433333333333333,30.0,,PENDING_ASL_EXPERT,,,,,,,,,
ncslgr:ncslgr10d:29,/home/haipd/Sign_Representations/data/external/ncslgr/diagnostic_v1/aa2d1095d75a28dc82e4a98fe1ca95a7313c2af45eca2afe4bfc94a885148383.avi,/home/haipd/Sign_Representations/data/external/ncslgr/diagnostic_v1/3fdb33eb6fd9dbffc0a1af830572f5a888e98dd31bdf74aa3c5f81a5ce697191.avi,2.4,30.0,,PENDING_ASL_EXPERT,,,,,,,,,
ncslgr:ncslgr10f:49,/home/haipd/Sign_Representations/data/external/ncslgr/diagnostic_v1/72f11503241f9091dd444a8ce5b8f1a38666cd9b409540a0272fa6cb6e3d2281.avi,/home/haipd/Sign_Representations/data/external/ncslgr/diagnostic_v1/f39d9bb69ae4bc7eaf64d0e7552f6b97497e3c05110115448e076d77d9740534.avi,2.7,30.0,,PENDING_ASL_EXPERT,,,,,,,,,
ncslgr:ncslgr10f:30,/home/haipd/Sign_Representations/data/external/ncslgr/diagnostic_v1/03e3ffbfa869fa6a9eb29429c1d269e2ed8950efda77c8e38c9199b461cc74e4.avi,/home/haipd/Sign_Representations/data/external/ncslgr/diagnostic_v1/ea4f5c6fa53e94d33de90e4bb30f55f22e7585b82bc1f3329ea48037ceb4676d.avi,2.566666666666667,30.0,,PENDING_ASL_EXPERT,,,,,,,,,
ncslgr:ncslgr10m:63,/home/haipd/Sign_Representations/data/external/ncslgr/diagnostic_v1/054fe759e7449f36d7a45d60d9365421524539103f797d27a349aa0379dad539.avi,/home/haipd/Sign_Representations/data/external/ncslgr/diagnostic_v1/c113a4367698c0f8aa5b89b6ceca0f6fa7cd0cdc960dc170d92bbde02a24dca4.avi,2.3666666666666667,30.0,,PENDING_ASL_EXPERT,,,,,,,,,
ncslgr:ncslgr10f:18,/home/haipd/Sign_Representations/data/external/ncslgr/diagnostic_v1/d89ef731c75ce49f41cdad5df7142044603309f9e7c4d63b074d9800c8b6dadd.avi,/home/haipd/Sign_Representations/data/external/ncslgr/diagnostic_v1/96cabce25daf18a7ed366b28721ae634960776aaa3b6ba1c5bbd7bae4f0d8c47.avi,2.933333333333333,30.0,,PENDING_ASL_EXPERT,,,,,,,,,
ncslgr:ncslgr10f:28,/home/haipd/Sign_Representations/data/external/ncslgr/diagnostic_v1/8e4d6db21ba993359964592afe2b8a53e382bfe07384f27aa8da823395acb678.avi,/home/haipd/Sign_Representations/data/external/ncslgr/diagnostic_v1/cb669f477dd37d7dc961e6c9adcf21a7a15e7bd340bf062bb9aeb54339678df8.avi,3.1666666666666665,30.0,,PENDING_ASL_EXPERT,,,,,,,,,
ncslgr:ncslgr10l:45,/home/haipd/Sign_Representations/data/external/ncslgr/diagnostic_v1/425306a1fb146d52e73d6f14e6e666ab44db8a3127dc6d55d80bc59f677ae691.avi,/home/haipd/Sign_Representations/data/external/ncslgr/diagnostic_v1/9f84e07ad0d656ac13a7a6cd3e1fa20dd8714869463b134ff3b7b9d1056b9436.avi,2.9,30.0,,PENDING_ASL_EXPERT,,,,,,,,,
ncslgr:ncslgr10e:18,/home/haipd/Sign_Representations/data/external/ncslgr/diagnostic_v1/fe2d308908cb043b39a93d55ef73a65385e78b1fe4a13e25f33ba5f544dade58.avi,/home/haipd/Sign_Representations/data/external/ncslgr/diagnostic_v1/ab48d4b9f2d98666c87b23436591001b0e77e1398f74411b7dda60ef98a4792d.avi,3.0,30.0,,PENDING_ASL_EXPERT,,,,,,,,,
ncslgr:ncslgr10m:62,/home/haipd/Sign_Representations/data/external/ncslgr/diagnostic_v1/f06f25ae5ceefb03050c7db56acb893bdb1842f54e24bfa25c181c071873f9bb.avi,/home/haipd/Sign_Representations/data/external/ncslgr/diagnostic_v1/954e3e1b3bdeafdb28a9b759831d3a9d42cf52bebdf44557c7b2ba477e4a14d2.avi,2.033333333333333,30.0,,PENDING_ASL_EXPERT,,,,,,,,,
ncslgr:ncslgr10f:51,/home/haipd/Sign_Representations/data/external/ncslgr/diagnostic_v1/a0e31012d475420b35e338c0d1c39bce41da3feed4cd8c9356ce4270e1ecadf4.avi,/home/haipd/Sign_Representations/data/external/ncslgr/diagnostic_v1/87794e9728b4896c2972ab8ba0a6f031ade7087d1d9ce4dd116611549c3dfa5f.avi,2.533333333333333,30.0,,PENDING_ASL_EXPERT,,,,,,,,,
ncslgr:ncslgr10e:16,/home/haipd/Sign_Representations/data/external/ncslgr/diagnostic_v1/5d0caec2b3539f08132ff429cc27c4096bd6695db1d593cbc2bc46dd1eebb633.avi,/home/haipd/Sign_Representations/data/external/ncslgr/diagnostic_v1/d71f429c9515008baf4684f996f2ac639ab7d4421f2e18a63918eafa0168c31e.avi,2.3,30.0,,PENDING_ASL_EXPERT,,,,,,,,,
ncslgr:ncslgr10c:31,/home/haipd/Sign_Representations/data/external/ncslgr/diagnostic_v1/1ad69ef398bdbcfb2fe90ecef41f93346998e9ca54c49e77091cbe233e9bbc52.avi,/home/haipd/Sign_Representations/data/external/ncslgr/diagnostic_v1/000a70e97d578f7156e3dfaecfad001d23828e006a2ed29fde054c0a17411d6f.avi,2.066666666666667,30.0,,PENDING_ASL_EXPERT,,,,,,,,,
ncslgr:ncslgr10f:4,/home/haipd/Sign_Representations/data/external/ncslgr/diagnostic_v1/221cee1fed9362f8ed09a71f768cdd54e3db72cd31a2b9030ebb1748aab5f0ce.avi,/home/haipd/Sign_Representations/data/external/ncslgr/diagnostic_v1/9f669c680fd3394e9778f154b78fb7e27d6e19f92092ed4294a17b1f3f3e4c58.avi,2.566666666666667,30.0,,PENDING_ASL_EXPERT,,,,,,,,,
ncslgr:ncslgr10e:15,/home/haipd/Sign_Representations/data/external/ncslgr/diagnostic_v1/75d1ed7a61faa3c61b26e6c4ca84edbdde1661012fcd21901005835ca10dff2e.avi,/home/haipd/Sign_Representations/data/external/ncslgr/diagnostic_v1/0baafc362c90da9949086f1e168c4b8d09d4a8d9282284b5f87fb6c832e9f9dc.avi,2.4,30.0,,PENDING_ASL_EXPERT,,,,,,,,,
ncslgr:ncslgr10k:17,/home/haipd/Sign_Representations/data/external/ncslgr/diagnostic_v1/f421653c0a9fa85c527723f3df3d387ef97c0d53067f794cad4f7034a8b8a7a7.avi,/home/haipd/Sign_Representations/data/external/ncslgr/diagnostic_v1/c8166fdd4fbd928cd46b7252944ea50a36226f46840dc5224bab4c07f8ba1270.avi,2.1333333333333333,30.0,,PENDING_ASL_EXPERT,,,,,,,,,
ncslgr:ncslgr10l:39,/home/haipd/Sign_Representations/data/external/ncslgr/diagnostic_v1/024d97c4d0f6a9389c0f49f61336a9cdcdcb7d9a31fbc1981fa9106a62cadfce.avi,/home/haipd/Sign_Representations/data/external/ncslgr/diagnostic_v1/a284fb24237adb3585d35f53264d90f420259c6df693446f41bd51d9938115f6.avi,2.066666666666667,30.0,,PENDING_ASL_EXPERT,,,,,,,,,
ncslgr:ncslgr10d:9,/home/haipd/Sign_Representations/data/external/ncslgr/diagnostic_v1/2e4b96ce1e1d26a8dc0429bbf58098a74fe0a6f14b0eadfd7a569517b0d93b5a.avi,/home/haipd/Sign_Representations/data/external/ncslgr/diagnostic_v1/797204e1f2d50dc93c523147c8386cbab9d016d547d5e9ac9cfb53b8bb6b1432.avi,2.8333333333333335,30.0,,PENDING_ASL_EXPERT,,,,,,,,,
ncslgr:ncslgr10d:3,/home/haipd/Sign_Representations/data/external/ncslgr/diagnostic_v1/6e0b19ff699bfe0988f726a25cb25d73005fba4395f411f478fe6c9cbfa1d772.avi,/home/haipd/Sign_Representations/data/external/ncslgr/diagnostic_v1/b058bac2936469d54a8f84f740a002024089b84437eee54297d6a7a39793a7d9.avi,2.033333333333333,30.0,,PENDING_ASL_EXPERT,,,,,,,,,
ncslgr:ncslgr10m:47,/home/haipd/Sign_Representations/data/external/ncslgr/diagnostic_v1/2e9e06157356c34c5ce6f6091081c55e18c3c4ec89164dccd179231b81fb768a.avi,/home/haipd/Sign_Representations/data/external/ncslgr/diagnostic_v1/f1bd6484c6088884c662d638f30dc0fb909f03244919e5e0b69bf4d1c41d54e1.avi,2.533333333333333,30.0,,PENDING_ASL_EXPERT,,,,,,,,,
