sample_id,split,gold,prediction,correct,recording_group,signer,conservative_xml_group,probability_NEG,probability_WH,probability_YN
ncslgr:ncslgr10c:27,test,1,2,0,ncslgr:sequence:607,Norma Bowers Tourangeau,ncslgr:xml:ncslgr10c,5.89956330180252e-17,1.4020810112924664e-07,0.9999998807907104
ncslgr:ncslgr10c:28,test,1,2,0,ncslgr:sequence:611,Norma Bowers Tourangeau,ncslgr:xml:ncslgr10c,7.619865018216315e-21,5.04862505967818e-11,1.0
ncslgr:ncslgr10c:30,test,0,0,1,ncslgr:sequence:619,Norma Bowers Tourangeau,ncslgr:xml:ncslgr10c,1.0,1.779497773093941e-13,2.936079546942904e-24
ncslgr:ncslgr10c:31,test,0,0,1,ncslgr:sequence:621,Norma Bowers Tourangeau,ncslgr:xml:ncslgr10c,1.0,8.109257865021504e-22,9.174014756437003e-27
ncslgr:ncslgr10c:32,test,0,0,1,ncslgr:sequence:622,Norma Bowers Tourangeau,ncslgr:xml:ncslgr10c,1.0,1.5586970603109762e-10,1.5735429625962638e-10
ncslgr:ncslgr10c:33,test,2,2,1,ncslgr:sequence:623,Norma Bowers Tourangeau,ncslgr:xml:ncslgr10c,3.488481964355025e-21,6.909941507871054e-10,1.0
ncslgr:ncslgr10c:34,test,2,2,1,ncslgr:sequence:624,Norma Bowers Tourangeau,ncslgr:xml:ncslgr10c,1.3232372566562844e-06,1.6000054003450728e-16,0.9999986886978149
ncslgr:ncslgr10c:38,test,0,0,1,ncslgr:sequence:628,Norma Bowers Tourangeau,ncslgr:xml:ncslgr10c,1.0,2.863198629592834e-18,3.990470417368093e-34
ncslgr:ncslgr10c:39,test,0,2,0,ncslgr:sequence:629,Norma Bowers Tourangeau,ncslgr:xml:ncslgr10c,9.612504982214887e-06,0.0004197186790406704,0.9995706677436829
ncslgr:ncslgr10d:10,test,2,2,1,ncslgr:sequence:647,Norma Bowers Tourangeau,ncslgr:xml:ncslgr10d,4.262655853293218e-11,3.575783466658322e-06,0.9999964237213135
ncslgr:ncslgr10d:11,test,0,0,1,ncslgr:sequence:654,Norma Bowers Tourangeau,ncslgr:xml:ncslgr10d,0.999919056892395,8.087711466941983e-05,1.1830235402410239e-10
ncslgr:ncslgr10d:12,test,0,0,1,ncslgr:sequence:655,Norma Bowers Tourangeau,ncslgr:xml:ncslgr10d,0.9999998807907104,1.730596039806187e-07,4.279387879770118e-18
ncslgr:ncslgr10d:13,test,0,0,1,ncslgr:sequence:657,Norma Bowers Tourangeau,ncslgr:xml:ncslgr10d,0.9999939203262329,2.541677979195356e-08,6.133771421445999e-06
ncslgr:ncslgr10d:2,test,0,0,1,ncslgr:sequence:632,Norma Bowers Tourangeau,ncslgr:xml:ncslgr10d,1.0,9.211201662935554e-16,8.660207462153598e-27
ncslgr:ncslgr10d:20,test,0,0,1,ncslgr:sequence:664,Norma Bowers Tourangeau,ncslgr:xml:ncslgr10d,0.9986897110939026,7.486376825738598e-16,0.0013103281380608678
ncslgr:ncslgr10d:23,test,0,0,1,ncslgr:sequence:668,Norma Bowers Tourangeau,ncslgr:xml:ncslgr10d,1.0,2.723013738469045e-23,3.054330290651787e-18
ncslgr:ncslgr10d:24,test,0,2,0,ncslgr:sequence:669,Norma Bowers Tourangeau,ncslgr:xml:ncslgr10d,4.52910005821977e-18,4.883063202814357e-24,1.0
ncslgr:ncslgr10d:26,test,1,2,0,ncslgr:sequence:672,Norma Bowers Tourangeau,ncslgr:xml:ncslgr10d,1.5537475306359738e-08,1.0344481633692348e-20,1.0
ncslgr:ncslgr10d:27,test,1,0,0,ncslgr:sequence:673,Norma Bowers Tourangeau,ncslgr:xml:ncslgr10d,0.9999295473098755,7.041181379463524e-05,1.977460861724012e-09
ncslgr:ncslgr10d:29,test,2,2,1,ncslgr:sequence:676,Norma Bowers Tourangeau,ncslgr:xml:ncslgr10d,1.1597851618673335e-31,8.296040360668755e-33,1.0
ncslgr:ncslgr10d:3,test,2,2,1,ncslgr:sequence:633,Norma Bowers Tourangeau,ncslgr:xml:ncslgr10d,2.990054425301529e-14,1.1529599065427498e-18,1.0
ncslgr:ncslgr10d:30,test,2,2,1,ncslgr:sequence:677,Norma Bowers Tourangeau,ncslgr:xml:ncslgr10d,4.9323072848367156e-36,9.362562670394498e-19,1.0
ncslgr:ncslgr10d:31,test,0,2,0,ncslgr:sequence:678,Norma Bowers Tourangeau,ncslgr:xml:ncslgr10d,1.2220415621714578e-39,1.3741780987101357e-30,1.0
ncslgr:ncslgr10d:9,test,2,2,1,ncslgr:sequence:646,Norma Bowers Tourangeau,ncslgr:xml:ncslgr10d,2.4551956911977868e-08,3.011855528694268e-26,1.0
ncslgr:ncslgr10e:1,test,2,2,1,ncslgr:sequence:682,Norma Bowers Tourangeau,ncslgr:xml:ncslgr10e,8.68614477176721e-20,9.043517991438969e-17,1.0
ncslgr:ncslgr10e:12,test,2,2,1,ncslgr:sequence:694,Norma Bowers Tourangeau,ncslgr:xml:ncslgr10e,2.6174562263079007e-32,1.0171997027633996e-19,1.0
ncslgr:ncslgr10e:13,test,1,0,0,ncslgr:sequence:695,Norma Bowers Tourangeau,ncslgr:xml:ncslgr10e,0.9997449517250061,0.0002550052013248205,1.2337518317101113e-24
ncslgr:ncslgr10e:15,test,2,2,1,ncslgr:sequence:710,Norma Bowers Tourangeau,ncslgr:xml:ncslgr10e,1.42810758711751e-22,3.7548863068090363e-32,1.0
ncslgr:ncslgr10e:16,test,2,2,1,ncslgr:sequence:711,Norma Bowers Tourangeau,ncslgr:xml:ncslgr10e,1.1895932518769804e-36,1.673851015635994e-41,1.0
ncslgr:ncslgr10e:17,test,2,2,1,ncslgr:sequence:712,Norma Bowers Tourangeau,ncslgr:xml:ncslgr10e,6.043195335413264e-34,3.7108300971522275e-24,1.0
ncslgr:ncslgr10e:18,test,2,2,1,ncslgr:sequence:713,Norma Bowers Tourangeau,ncslgr:xml:ncslgr10e,1.1355540712407924e-23,2.8957432236131204e-19,1.0
ncslgr:ncslgr10e:2,test,2,2,1,ncslgr:sequence:683,Norma Bowers Tourangeau,ncslgr:xml:ncslgr10e,0.0011338539188727736,1.1086506219726289e-06,0.998865008354187
ncslgr:ncslgr10f:0,test,2,2,1,ncslgr:sequence:731,Norma Bowers Tourangeau,ncslgr:xml:ncslgr10f,0.0,5.352960133720801e-43,1.0
ncslgr:ncslgr10f:1,test,2,2,1,ncslgr:sequence:732,Norma Bowers Tourangeau,ncslgr:xml:ncslgr10f,1.4872782913608524e-26,1.812766896591711e-07,0.9999997615814209
ncslgr:ncslgr10f:10,test,2,2,1,ncslgr:sequence:742,Norma Bowers Tourangeau,ncslgr:xml:ncslgr10f,3.023033810980766e-25,7.78924585822171e-26,1.0
ncslgr:ncslgr10f:17,test,1,0,0,ncslgr:sequence:750,Norma Bowers Tourangeau,ncslgr:xml:ncslgr10f,0.9995105266571045,0.0004894426092505455,7.625453012682494e-32
ncslgr:ncslgr10f:18,test,1,0,0,ncslgr:sequence:751,Norma Bowers Tourangeau,ncslgr:xml:ncslgr10f,0.9999946355819702,5.3678518270317e-06,2.2992203974059322e-10
ncslgr:ncslgr10f:27,test,1,0,0,ncslgr:sequence:761,Norma Bowers Tourangeau,ncslgr:xml:ncslgr10f,1.0,4.49361632604696e-17,2.2961064690769995e-30
ncslgr:ncslgr10f:28,test,2,2,1,ncslgr:sequence:762,Norma Bowers Tourangeau,ncslgr:xml:ncslgr10f,6.089215762300954e-21,5.205984228218597e-19,1.0
ncslgr:ncslgr10f:29,test,1,2,0,ncslgr:sequence:763,Norma Bowers Tourangeau,ncslgr:xml:ncslgr10f,1.3077029372956339e-39,1.197675784473778e-40,1.0
ncslgr:ncslgr10f:3,test,1,0,0,ncslgr:sequence:734,Norma Bowers Tourangeau,ncslgr:xml:ncslgr10f,1.0,3.5446101349229098e-12,1.9866694281420877e-13
ncslgr:ncslgr10f:30,test,1,2,0,ncslgr:sequence:764,Norma Bowers Tourangeau,ncslgr:xml:ncslgr10f,1.0230420549373082e-24,3.362069395867187e-19,1.0
ncslgr:ncslgr10f:31,test,0,2,0,ncslgr:sequence:765,Norma Bowers Tourangeau,ncslgr:xml:ncslgr10f,1.6337484012291167e-19,6.654119921734036e-09,1.0
ncslgr:ncslgr10f:32,test,2,2,1,ncslgr:sequence:767,Norma Bowers Tourangeau,ncslgr:xml:ncslgr10f,1.719269662115428e-32,2.789466703197523e-26,1.0
ncslgr:ncslgr10f:33,test,1,2,0,ncslgr:sequence:769,Norma Bowers Tourangeau,ncslgr:xml:ncslgr10f,1.053972626957268e-40,7.294775763396568e-25,1.0
ncslgr:ncslgr10f:34,test,0,0,1,ncslgr:sequence:770,Norma Bowers Tourangeau,ncslgr:xml:ncslgr10f,0.9999990463256836,8.242663279353635e-13,9.100066904466075e-07
ncslgr:ncslgr10f:35,test,0,0,1,ncslgr:sequence:771,Norma Bowers Tourangeau,ncslgr:xml:ncslgr10f,1.0,4.694669191372874e-17,9.649790642143168e-32
ncslgr:ncslgr10f:36,test,0,2,0,ncslgr:sequence:772,Norma Bowers Tourangeau,ncslgr:xml:ncslgr10f,2.470459512687092e-14,2.725309449549398e-16,1.0
ncslgr:ncslgr10f:37,test,0,2,0,ncslgr:sequence:773,Norma Bowers Tourangeau,ncslgr:xml:ncslgr10f,5.2368943521225697e-20,4.598638310426839e-12,1.0
ncslgr:ncslgr10f:4,test,1,1,1,ncslgr:sequence:736,Norma Bowers Tourangeau,ncslgr:xml:ncslgr10f,5.0837356546651336e-09,1.0,9.867995309775779e-12
ncslgr:ncslgr10f:46,test,0,2,0,ncslgr:sequence:794,Norma Bowers Tourangeau,ncslgr:xml:ncslgr10f,0.2182587832212448,0.2577585279941559,0.5239827036857605
ncslgr:ncslgr10f:47,test,0,1,0,ncslgr:sequence:795,Norma Bowers Tourangeau,ncslgr:xml:ncslgr10f,1.4350402466334344e-07,0.9999998807907104,1.2651609360841976e-14
ncslgr:ncslgr10f:48,test,0,1,0,ncslgr:sequence:796,Norma Bowers Tourangeau,ncslgr:xml:ncslgr10f,5.630994059967977e-24,1.0,3.718624986794516e-16
ncslgr:ncslgr10f:49,test,0,2,0,ncslgr:sequence:798,Norma Bowers Tourangeau,ncslgr:xml:ncslgr10f,7.042458349815206e-08,3.597034892166562e-10,0.9999998807907104
ncslgr:ncslgr10f:5,test,1,0,0,ncslgr:sequence:737,Norma Bowers Tourangeau,ncslgr:xml:ncslgr10f,0.9941568374633789,0.005843097809702158,3.900172407256264e-10
ncslgr:ncslgr10f:50,test,2,2,1,ncslgr:sequence:799,Norma Bowers Tourangeau,ncslgr:xml:ncslgr10f,1.2759374544600804e-22,1.987779342016438e-06,0.9999979734420776
ncslgr:ncslgr10f:51,test,1,0,0,ncslgr:sequence:800,Norma Bowers Tourangeau,ncslgr:xml:ncslgr10f,0.9004262089729309,0.09957379847764969,2.3675734140264282e-27
ncslgr:ncslgr10f:6,test,0,0,1,ncslgr:sequence:738,Norma Bowers Tourangeau,ncslgr:xml:ncslgr10f,1.0,1.7759319481209413e-23,1.0957195931985711e-23
ncslgr:ncslgr10f:7,test,1,1,1,ncslgr:sequence:739,Norma Bowers Tourangeau,ncslgr:xml:ncslgr10f,0.22040730714797974,0.7795926332473755,6.951868247728754e-11
ncslgr:ncslgr10f:8,test,2,2,1,ncslgr:sequence:740,Norma Bowers Tourangeau,ncslgr:xml:ncslgr10f,2.045035807716959e-27,0.004664266016334295,0.9953357577323914
ncslgr:ncslgr10f:9,test,2,2,1,ncslgr:sequence:741,Norma Bowers Tourangeau,ncslgr:xml:ncslgr10f,5.612792041213088e-22,6.970438224014608e-13,1.0
ncslgr:ncslgr10k:14,test,2,2,1,ncslgr:sequence:776,Norma Bowers Tourangeau,ncslgr:xml:ncslgr10k,3.8663083575218556e-18,8.206844199776242e-07,0.9999991655349731
ncslgr:ncslgr10k:15,test,2,2,1,ncslgr:sequence:777,Norma Bowers Tourangeau,ncslgr:xml:ncslgr10k,1.376309793633897e-20,1.777090784790711e-23,1.0
ncslgr:ncslgr10k:16,test,1,0,0,ncslgr:sequence:778,Norma Bowers Tourangeau,ncslgr:xml:ncslgr10k,0.9999998807907104,1.6514691481006594e-07,6.518506567854132e-11
ncslgr:ncslgr10k:17,test,1,2,0,ncslgr:sequence:779,Norma Bowers Tourangeau,ncslgr:xml:ncslgr10k,2.3549092363628343e-12,1.8873307361388925e-09,1.0
ncslgr:ncslgr10l:39,test,0,0,1,ncslgr:sequence:92,Norma Bowers Tourangeau,ncslgr:xml:ncslgr10l,1.0,2.211142636652743e-32,5.418380316906529e-14
ncslgr:ncslgr10l:42,test,0,2,0,ncslgr:sequence:98,Norma Bowers Tourangeau,ncslgr:xml:ncslgr10l,6.897606485978258e-09,3.023415962033482e-09,1.0
ncslgr:ncslgr10l:45,test,0,0,1,ncslgr:sequence:96,Norma Bowers Tourangeau,ncslgr:xml:ncslgr10l,0.9999451637268066,1.9222978946732444e-22,5.478786624735221e-05
ncslgr:ncslgr10l:46,test,0,2,0,ncslgr:sequence:287,Norma Bowers Tourangeau,ncslgr:xml:ncslgr10l,2.0140169724530893e-21,9.736071421250352e-36,1.0
ncslgr:ncslgr10l:47,test,0,2,0,ncslgr:sequence:289,Norma Bowers Tourangeau,ncslgr:xml:ncslgr10l,7.793773552626656e-16,1.788162784619081e-14,1.0
ncslgr:ncslgr10l:48,test,0,0,1,ncslgr:sequence:291,Norma Bowers Tourangeau,ncslgr:xml:ncslgr10l,0.9999961853027344,4.5568140372154176e-09,3.8002851852070307e-06
ncslgr:ncslgr10l:52,test,0,2,0,ncslgr:sequence:99,Norma Bowers Tourangeau,ncslgr:xml:ncslgr10l,5.761541501669853e-07,9.062639594787112e-18,0.9999994039535522
ncslgr:ncslgr10l:58,test,0,0,1,ncslgr:sequence:109,Norma Bowers Tourangeau,ncslgr:xml:ncslgr10l,1.0,1.1520149417743042e-10,3.5968666476046706e-16
ncslgr:ncslgr10l:59,test,0,0,1,ncslgr:sequence:110,Norma Bowers Tourangeau,ncslgr:xml:ncslgr10l,0.9999818801879883,2.0902894468893357e-21,1.8105491108144633e-05
ncslgr:ncslgr10l:63,test,0,0,1,ncslgr:sequence:117,Norma Bowers Tourangeau,ncslgr:xml:ncslgr10l,0.9986349940299988,0.0013103425735607743,5.462572880787775e-05
ncslgr:ncslgr10l:69,test,0,0,1,ncslgr:sequence:319,Norma Bowers Tourangeau,ncslgr:xml:ncslgr10l,0.9999997615814209,3.846631252761546e-16,2.70324392204202e-07
ncslgr:ncslgr10m:17,test,1,0,0,ncslgr:sequence:351,Norma Bowers Tourangeau,ncslgr:xml:ncslgr10m,1.0,1.8938081697021066e-19,1.3217405836485341e-08
ncslgr:ncslgr10m:38,test,1,0,0,ncslgr:sequence:48,Norma Bowers Tourangeau,ncslgr:xml:ncslgr10m,1.0,8.140773304963589e-16,2.6505214689720447e-11
ncslgr:ncslgr10m:42,test,1,2,0,ncslgr:sequence:85,Norma Bowers Tourangeau,ncslgr:xml:ncslgr10m,1.9504672548437014e-28,2.802596928649634e-45,1.0
ncslgr:ncslgr10m:47,test,1,1,1,ncslgr:sequence:49,Norma Bowers Tourangeau,ncslgr:xml:ncslgr10m,3.8716969222247557e-19,1.0,1.0295660206093247e-21
ncslgr:ncslgr10m:48,test,1,0,0,ncslgr:sequence:50,Norma Bowers Tourangeau,ncslgr:xml:ncslgr10m,1.0,2.2114226894132116e-08,2.1491635782837145e-24
ncslgr:ncslgr10m:59,test,1,2,0,ncslgr:sequence:80,Norma Bowers Tourangeau,ncslgr:xml:ncslgr10m,5.50197771615652e-32,1.6602946697242924e-32,1.0
ncslgr:ncslgr10m:60,test,1,0,0,ncslgr:sequence:84,Norma Bowers Tourangeau,ncslgr:xml:ncslgr10m,1.0,3.2065464539716006e-17,1.4115812962955943e-09
ncslgr:ncslgr10m:61,test,1,0,0,ncslgr:sequence:86,Norma Bowers Tourangeau,ncslgr:xml:ncslgr10m,1.0,3.8558395596893845e-18,1.4103902941375868e-11
ncslgr:ncslgr10m:62,test,1,2,0,ncslgr:sequence:87,Norma Bowers Tourangeau,ncslgr:xml:ncslgr10m,1.434883188267122e-06,0.024989860132336617,0.9750086665153503
ncslgr:ncslgr10m:63,test,1,2,0,ncslgr:sequence:81,Norma Bowers Tourangeau,ncslgr:xml:ncslgr10m,0.35650187730789185,4.0643801213491315e-08,0.6434980630874634
ncslgr:ncslgr10m:64,test,1,2,0,ncslgr:sequence:82,Norma Bowers Tourangeau,ncslgr:xml:ncslgr10m,1.1041143748506163e-25,4.001476131961556e-19,1.0
ncslgr:ncslgr10m:65,test,1,2,0,ncslgr:sequence:88,Norma Bowers Tourangeau,ncslgr:xml:ncslgr10m,1.5462828173440357e-07,0.00044441354111768305,0.9995554089546204
