sample_id,source_path,signer_id,recording_group,lexical_id,gold,prediction_seed0,prediction_seed1,prediction_seed2,source_exists,decode_status,feature_checksum_match,finite_features_and_times,timestamps_in_video,valid_windows,fps,technical_review,video_identity_visual_review,lexical_gold_ambiguity,manual_lexical_mismatch,signer_domain_explanation,landmarks,grammar_scope,text_prior,review_notes
asl_citizen:8582081133628761-TINY,/home/dongvk/datasets/ASL_Citizen/videos/8582081133628761-TINY.mp4,P6,asl_citizen:8582081133628761-TINY,TINY,185,185,185,153,True,SUCCESS,True,True,True,11,29.983792544570502,PASS,UNREVIEWED,UNREVIEWED_REQUIRES_ASL_EXPERT,UNREVIEWED_REQUIRES_ASL_EXPERT,UNRESOLVED,NA_SIGNREP_RGB,NA_NO_GRAMMAR_GOLD,NA_NO_TEXT_INPUT,
asl_citizen:03945007591252714-WOW,/home/dongvk/datasets/ASL_Citizen/videos/03945007591252714-WOW.mp4,P15,asl_citizen:03945007591252714-WOW,WOW,194,135,192,177,True,SUCCESS,True,True,True,70,29.998064640990904,PASS,UNREVIEWED,UNREVIEWED_REQUIRES_ASL_EXPERT,UNREVIEWED_REQUIRES_ASL_EXPERT,UNRESOLVED,NA_SIGNREP_RGB,NA_NO_GRAMMAR_GOLD,NA_NO_TEXT_INPUT,
asl_citizen:31573107118682464-SOON 3,/home/dongvk/datasets/ASL_Citizen/videos/31573107118682464-SOON 3.mp4,P48,asl_citizen:31573107118682464-SOON 3,SOON2,162,58,173,173,True,SUCCESS,True,True,True,18,30.0,PASS,UNREVIEWED,UNREVIEWED_REQUIRES_ASL_EXPERT,UNREVIEWED_REQUIRES_ASL_EXPERT,UNRESOLVED,NA_SIGNREP_RGB,NA_NO_GRAMMAR_GOLD,NA_NO_TEXT_INPUT,
asl_citizen:29921705550419175-ADVANTAGE,/home/dongvk/datasets/ASL_Citizen/videos/29921705550419175-ADVANTAGE.mp4,P6,asl_citizen:29921705550419175-ADVANTAGE,ADVANTAGE,2,126,126,38,True,SUCCESS,True,True,True,14,30.0,PASS,UNREVIEWED,UNREVIEWED_REQUIRES_ASL_EXPERT,UNREVIEWED_REQUIRES_ASL_EXPERT,UNRESOLVED,NA_SIGNREP_RGB,NA_NO_GRAMMAR_GOLD,NA_NO_TEXT_INPUT,
asl_citizen:2964595750887693-MOTIVATION,/home/dongvk/datasets/ASL_Citizen/videos/2964595750887693-MOTIVATION.mp4,P48,asl_citizen:2964595750887693-MOTIVATION,MOTIVATION1,113,10,113,113,True,SUCCESS,True,True,True,22,30.00517330574237,PASS,UNREVIEWED,UNREVIEWED_REQUIRES_ASL_EXPERT,UNREVIEWED_REQUIRES_ASL_EXPERT,UNRESOLVED,NA_SIGNREP_RGB,NA_NO_GRAMMAR_GOLD,NA_NO_TEXT_INPUT,
asl_citizen:9838705366556413-HOUR,/home/dongvk/datasets/ASL_Citizen/videos/9838705366556413-HOUR.mp4,P9,asl_citizen:9838705366556413-HOUR,HOUR,82,82,177,113,True,SUCCESS,True,True,True,48,29.915692140331792,PASS,UNREVIEWED,UNREVIEWED_REQUIRES_ASL_EXPERT,UNREVIEWED_REQUIRES_ASL_EXPERT,UNRESOLVED,NA_SIGNREP_RGB,NA_NO_GRAMMAR_GOLD,NA_NO_TEXT_INPUT,
asl_citizen:7764407168011447-DANCER,/home/dongvk/datasets/ASL_Citizen/videos/7764407168011447-DANCER.mp4,P17,asl_citizen:7764407168011447-DANCER,DANCER,40,175,126,112,True,SUCCESS,True,True,True,26,30.869,PASS,UNREVIEWED,UNREVIEWED_REQUIRES_ASL_EXPERT,UNREVIEWED_REQUIRES_ASL_EXPERT,UNRESOLVED,NA_SIGNREP_RGB,NA_NO_GRAMMAR_GOLD,NA_NO_TEXT_INPUT,
asl_citizen:2241415233945685-PIE,/home/dongvk/datasets/ASL_Citizen/videos/2241415233945685-PIE.mp4,P17,asl_citizen:2241415233945685-PIE,PIE,129,129,129,4,True,SUCCESS,True,True,True,25,29.684,PASS,UNREVIEWED,UNREVIEWED_REQUIRES_ASL_EXPERT,UNREVIEWED_REQUIRES_ASL_EXPERT,UNRESOLVED,NA_SIGNREP_RGB,NA_NO_GRAMMAR_GOLD,NA_NO_TEXT_INPUT,
asl_citizen:5786245403965293-SOON 3,/home/dongvk/datasets/ASL_Citizen/videos/5786245403965293-SOON 3.mp4,P6,asl_citizen:5786245403965293-SOON 3,SOON2,162,109,162,77,True,SUCCESS,True,True,True,11,29.76669348350764,PASS,UNREVIEWED,UNREVIEWED_REQUIRES_ASL_EXPERT,UNREVIEWED_REQUIRES_ASL_EXPERT,UNRESOLVED,NA_SIGNREP_RGB,NA_NO_GRAMMAR_GOLD,NA_NO_TEXT_INPUT,
asl_citizen:11775239102850565-HONEST,/home/dongvk/datasets/ASL_Citizen/videos/11775239102850565-HONEST.mp4,P6,asl_citizen:11775239102850565-HONEST,HONEST,77,77,77,60,True,SUCCESS,True,True,True,18,29.929577464788732,PASS,UNREVIEWED,UNREVIEWED_REQUIRES_ASL_EXPERT,UNREVIEWED_REQUIRES_ASL_EXPERT,UNRESOLVED,NA_SIGNREP_RGB,NA_NO_GRAMMAR_GOLD,NA_NO_TEXT_INPUT,
asl_citizen:6557459030517943-I LOVE_YOU,/home/dongvk/datasets/ASL_Citizen/videos/6557459030517943-I LOVE_YOU.mp4,P17,asl_citizen:6557459030517943-I LOVE_YOU,ILOVEYOU,85,61,85,85,True,SUCCESS,True,True,True,21,27.027,PASS,UNREVIEWED,UNREVIEWED_REQUIRES_ASL_EXPERT,UNREVIEWED_REQUIRES_ASL_EXPERT,UNRESOLVED,NA_SIGNREP_RGB,NA_NO_GRAMMAR_GOLD,NA_NO_TEXT_INPUT,
asl_citizen:4814381667317289-MAGNET 4,/home/dongvk/datasets/ASL_Citizen/videos/4814381667317289-MAGNET 4.mp4,P6,asl_citizen:4814381667317289-MAGNET 4,MAGNET4,103,99,99,87,True,SUCCESS,True,True,True,31,29.968454258675077,PASS,UNREVIEWED,UNREVIEWED_REQUIRES_ASL_EXPERT,UNREVIEWED_REQUIRES_ASL_EXPERT,UNRESOLVED,NA_SIGNREP_RGB,NA_NO_GRAMMAR_GOLD,NA_NO_TEXT_INPUT,
asl_citizen:1506301246657502-FISH,/home/dongvk/datasets/ASL_Citizen/videos/1506301246657502-FISH.mp4,P18,asl_citizen:1506301246657502-FISH,FISH,60,60,170,131,True,SUCCESS,True,True,True,28,25.0,PASS,UNREVIEWED,UNREVIEWED_REQUIRES_ASL_EXPERT,UNREVIEWED_REQUIRES_ASL_EXPERT,UNRESOLVED,NA_SIGNREP_RGB,NA_NO_GRAMMAR_GOLD,NA_NO_TEXT_INPUT,
asl_citizen:48570714821161354-DIFFERENT SITUATION,/home/dongvk/datasets/ASL_Citizen/videos/48570714821161354-DIFFERENT SITUATION.mp4,P17,asl_citizen:48570714821161354-DIFFERENT SITUATION,DIFFERENTSITUATION,42,112,154,32,True,SUCCESS,True,True,True,22,29.0,PASS,UNREVIEWED,UNREVIEWED_REQUIRES_ASL_EXPERT,UNREVIEWED_REQUIRES_ASL_EXPERT,UNRESOLVED,NA_SIGNREP_RGB,NA_NO_GRAMMAR_GOLD,NA_NO_TEXT_INPUT,
asl_citizen:013061639347932363-FALL 2,/home/dongvk/datasets/ASL_Citizen/videos/013061639347932363-FALL 2.mp4,P6,asl_citizen:013061639347932363-FALL 2,FALL2,56,183,75,128,True,SUCCESS,True,True,True,8,29.836381135707413,PASS,UNREVIEWED,UNREVIEWED_REQUIRES_ASL_EXPERT,UNREVIEWED_REQUIRES_ASL_EXPERT,UNRESOLVED,NA_SIGNREP_RGB,NA_NO_GRAMMAR_GOLD,NA_NO_TEXT_INPUT,
asl_citizen:12409103675769195-SOON 3,/home/dongvk/datasets/ASL_Citizen/videos/12409103675769195-SOON 3.mp4,P17,asl_citizen:12409103675769195-SOON 3,SOON2,162,162,122,173,True,SUCCESS,True,True,True,14,31.249,PASS,UNREVIEWED,UNREVIEWED_REQUIRES_ASL_EXPERT,UNREVIEWED_REQUIRES_ASL_EXPERT,UNRESOLVED,NA_SIGNREP_RGB,NA_NO_GRAMMAR_GOLD,NA_NO_TEXT_INPUT,
asl_citizen:5535373342686922-FALL 2,/home/dongvk/datasets/ASL_Citizen/videos/5535373342686922-FALL 2.mp4,P17,asl_citizen:5535373342686922-FALL 2,FALL2,56,101,183,101,True,SUCCESS,True,True,True,12,30.54,PASS,UNREVIEWED,UNREVIEWED_REQUIRES_ASL_EXPERT,UNREVIEWED_REQUIRES_ASL_EXPERT,UNRESOLVED,NA_SIGNREP_RGB,NA_NO_GRAMMAR_GOLD,NA_NO_TEXT_INPUT,
asl_citizen:5000931412799545-SHARPEN 1,/home/dongvk/datasets/ASL_Citizen/videos/5000931412799545-SHARPEN 1.mp4,P17,asl_citizen:5000931412799545-SHARPEN 1,SHARPEN1,150,25,184,188,True,SUCCESS,True,True,True,23,30.89,PASS,UNREVIEWED,UNREVIEWED_REQUIRES_ASL_EXPERT,UNREVIEWED_REQUIRES_ASL_EXPERT,UNRESOLVED,NA_SIGNREP_RGB,NA_NO_GRAMMAR_GOLD,NA_NO_TEXT_INPUT,
asl_citizen:15670971950012635-STOPWATCH,/home/dongvk/datasets/ASL_Citizen/videos/15670971950012635-STOPWATCH.mp4,P22,asl_citizen:15670971950012635-STOPWATCH,STOPWATCH,169,169,53,169,True,SUCCESS,True,True,True,16,29.993618379068284,PASS,UNREVIEWED,UNREVIEWED_REQUIRES_ASL_EXPERT,UNREVIEWED_REQUIRES_ASL_EXPERT,UNRESOLVED,NA_SIGNREP_RGB,NA_NO_GRAMMAR_GOLD,NA_NO_TEXT_INPUT,
asl_citizen:7384807608009649-MOUNTAIN 2,/home/dongvk/datasets/ASL_Citizen/videos/7384807608009649-MOUNTAIN 2.mp4,P15,asl_citizen:7384807608009649-MOUNTAIN 2,MOUNTAIN2,114,114,114,26,True,SUCCESS,True,True,True,45,30.0,PASS,UNREVIEWED,UNREVIEWED_REQUIRES_ASL_EXPERT,UNREVIEWED_REQUIRES_ASL_EXPERT,UNRESOLVED,NA_SIGNREP_RGB,NA_NO_GRAMMAR_GOLD,NA_NO_TEXT_INPUT,
asl_citizen:26340872028484785-PHILADELPHIA,/home/dongvk/datasets/ASL_Citizen/videos/26340872028484785-PHILADELPHIA.mp4,P6,asl_citizen:26340872028484785-PHILADELPHIA,PHILADELPHIA,128,101,183,101,True,SUCCESS,True,True,True,11,29.838709677419356,PASS,UNREVIEWED,UNREVIEWED_REQUIRES_ASL_EXPERT,UNREVIEWED_REQUIRES_ASL_EXPERT,UNRESOLVED,NA_SIGNREP_RGB,NA_NO_GRAMMAR_GOLD,NA_NO_TEXT_INPUT,
asl_citizen:43465593353899346-COME HERE,/home/dongvk/datasets/ASL_Citizen/videos/43465593353899346-COME HERE.mp4,P6,asl_citizen:43465593353899346-COME HERE,COMEHERE,32,158,47,158,True,SUCCESS,True,True,True,12,29.850746268656717,PASS,UNREVIEWED,UNREVIEWED_REQUIRES_ASL_EXPERT,UNREVIEWED_REQUIRES_ASL_EXPERT,UNRESOLVED,NA_SIGNREP_RGB,NA_NO_GRAMMAR_GOLD,NA_NO_TEXT_INPUT,
asl_citizen:6741347999864296-HAIRDRYER 2,/home/dongvk/datasets/ASL_Citizen/videos/6741347999864296-HAIRDRYER 2.mp4,P49,asl_citizen:6741347999864296-HAIRDRYER 2,HAIRDRYER2,72,90,72,72,True,SUCCESS,True,True,True,27,30.0,PASS,UNREVIEWED,UNREVIEWED_REQUIRES_ASL_EXPERT,UNREVIEWED_REQUIRES_ASL_EXPERT,UNRESOLVED,NA_SIGNREP_RGB,NA_NO_GRAMMAR_GOLD,NA_NO_TEXT_INPUT,
asl_citizen:9123942913795273-POOP,/home/dongvk/datasets/ASL_Citizen/videos/9123942913795273-POOP.mp4,P17,asl_citizen:9123942913795273-POOP,POOP,132,132,132,81,True,SUCCESS,True,True,True,30,30.906,PASS,UNREVIEWED,UNREVIEWED_REQUIRES_ASL_EXPERT,UNREVIEWED_REQUIRES_ASL_EXPERT,UNRESOLVED,NA_SIGNREP_RGB,NA_NO_GRAMMAR_GOLD,NA_NO_TEXT_INPUT,
asl_citizen:3746881511755742-REGISTER,/home/dongvk/datasets/ASL_Citizen/videos/3746881511755742-REGISTER.mp4,P6,asl_citizen:3746881511755742-REGISTER,REGISTER,141,10,141,10,True,SUCCESS,True,True,True,15,25.0,PASS,UNREVIEWED,UNREVIEWED_REQUIRES_ASL_EXPERT,UNREVIEWED_REQUIRES_ASL_EXPERT,UNRESOLVED,NA_SIGNREP_RGB,NA_NO_GRAMMAR_GOLD,NA_NO_TEXT_INPUT,
asl_citizen:2582906950708326-BANK,/home/dongvk/datasets/ASL_Citizen/videos/2582906950708326-BANK.mp4,P15,asl_citizen:2582906950708326-BANK,BANK,9,60,192,9,True,SUCCESS,True,True,True,61,29.96914940502424,PASS,UNREVIEWED,UNREVIEWED_REQUIRES_ASL_EXPERT,UNREVIEWED_REQUIRES_ASL_EXPERT,UNRESOLVED,NA_SIGNREP_RGB,NA_NO_GRAMMAR_GOLD,NA_NO_TEXT_INPUT,
asl_citizen:10351527495084278-MARCH,/home/dongvk/datasets/ASL_Citizen/videos/10351527495084278-MARCH.mp4,P9,asl_citizen:10351527495084278-MARCH,MARCH,104,25,25,184,True,SUCCESS,True,True,True,43,29.922202274087372,PASS,UNREVIEWED,UNREVIEWED_REQUIRES_ASL_EXPERT,UNREVIEWED_REQUIRES_ASL_EXPERT,UNRESOLVED,NA_SIGNREP_RGB,NA_NO_GRAMMAR_GOLD,NA_NO_TEXT_INPUT,
asl_citizen:23777351543576053-AGAIN,/home/dongvk/datasets/ASL_Citizen/videos/23777351543576053-AGAIN.mp4,P48,asl_citizen:23777351543576053-AGAIN,AGAIN,3,180,3,3,True,SUCCESS,True,True,True,25,29.995385325334563,PASS,UNREVIEWED,UNREVIEWED_REQUIRES_ASL_EXPERT,UNREVIEWED_REQUIRES_ASL_EXPERT,UNRESOLVED,NA_SIGNREP_RGB,NA_NO_GRAMMAR_GOLD,NA_NO_TEXT_INPUT,
asl_citizen:10261467643150368-JOIN,/home/dongvk/datasets/ASL_Citizen/videos/10261467643150368-JOIN.mp4,P18,asl_citizen:10261467643150368-JOIN,JOIN,87,87,65,87,True,SUCCESS,True,True,True,32,25.0,PASS,UNREVIEWED,UNREVIEWED_REQUIRES_ASL_EXPERT,UNREVIEWED_REQUIRES_ASL_EXPERT,UNRESOLVED,NA_SIGNREP_RGB,NA_NO_GRAMMAR_GOLD,NA_NO_TEXT_INPUT,
asl_citizen:7847137420042962-LETTER,/home/dongvk/datasets/ASL_Citizen/videos/7847137420042962-LETTER.mp4,P22,asl_citizen:7847137420042962-LETTER,LETTER1,97,132,132,132,True,SUCCESS,True,True,True,16,29.993618379068284,PASS,UNREVIEWED,UNREVIEWED_REQUIRES_ASL_EXPERT,UNREVIEWED_REQUIRES_ASL_EXPERT,UNRESOLVED,NA_SIGNREP_RGB,NA_NO_GRAMMAR_GOLD,NA_NO_TEXT_INPUT,
