sample_id,split,gold,prediction,correct,scope_supervised,recording_group,signer,conservative_xml_group,predicted_start_sec,predicted_end_sec,prior_start_sec,prior_end_sec,gold_start_sec,gold_end_sec,probability_NEG,probability_WH,probability_YN
ncslgr:ncslgr10c:27,test,1,1,1,1,ncslgr:sequence:607,Norma Bowers Tourangeau,ncslgr:xml:ncslgr10c,0.2852921577480932,1.7502248803774514,0.892835055788358,1.8621300896008808,1.1666666666666667,1.7333333333333334,0.01551232673227787,0.9844741821289062,1.3503477930498775e-05
ncslgr:ncslgr10c:28,test,1,0,0,1,ncslgr:sequence:611,Norma Bowers Tourangeau,ncslgr:xml:ncslgr10c,0.03333413049794747,2.333169921239217,0.9091974129279455,2.0465242703755697,1.4,1.8333333333333333,0.9518535137176514,0.04813715070486069,9.32273360376712e-06
ncslgr:ncslgr10c:30,test,0,1,0,0,ncslgr:sequence:619,Norma Bowers Tourangeau,ncslgr:xml:ncslgr10c,0.2000000741911679,2.9697757482528684,1.2042323221762974,2.7587620933850605,,,0.017058424651622772,0.9829415678977966,2.1811333184018622e-08
ncslgr:ncslgr10c:31,test,0,0,1,1,ncslgr:sequence:621,Norma Bowers Tourangeau,ncslgr:xml:ncslgr10c,0.30000111854515693,1.5333109855651856,0.7696662455797196,1.3795371691385907,0.5,1.2666666666666666,0.9996800422668457,0.0002770904975477606,4.295627149986103e-05
ncslgr:ncslgr10c:32,test,0,0,1,0,ncslgr:sequence:622,Norma Bowers Tourangeau,ncslgr:xml:ncslgr10c,0.06679010353521637,2.5328124245007833,1.0059991578261056,2.2257410049438477,,,0.9974729418754578,0.0025268888566643,6.553727871505544e-08
ncslgr:ncslgr10c:33,test,2,0,0,1,ncslgr:sequence:623,Norma Bowers Tourangeau,ncslgr:xml:ncslgr10c,0.3000019957737436,1.799998927116394,0.8712157040834427,1.612950611114502,0.43333333333333335,1.4666666666666666,0.9721438884735107,0.02569049969315529,0.0021655969321727753
ncslgr:ncslgr10c:34,test,2,0,0,0,ncslgr:sequence:624,Norma Bowers Tourangeau,ncslgr:xml:ncslgr10c,0.1000168069254869,2.166243040561676,0.8870083034038543,1.9089541753133137,,,0.9994999170303345,0.0002497971581760794,0.00025032515986822546
ncslgr:ncslgr10c:38,test,0,1,0,0,ncslgr:sequence:628,Norma Bowers Tourangeau,ncslgr:xml:ncslgr10c,0.13333339570723315,0.8244121750195821,0.8422032078107198,1.9395183404286702,,,0.18648935854434967,0.8135105967521667,5.005837877547492e-08
ncslgr:ncslgr10c:39,test,0,0,1,0,ncslgr:sequence:629,Norma Bowers Tourangeau,ncslgr:xml:ncslgr10c,0.38491655737161634,2.1893619477748874,0.8997019857168198,1.938130855560303,,,0.9116547703742981,0.08834482729434967,2.718098812692915e-07
ncslgr:ncslgr10d:10,test,2,1,0,1,ncslgr:sequence:647,Norma Bowers Tourangeau,ncslgr:xml:ncslgr10d,0.21820310599481066,2.639270214239756,1.0742728451887766,2.427628175417582,0.43333333333333335,2.3333333333333335,0.0010367082431912422,0.9989632368087769,2.822482514375224e-08
ncslgr:ncslgr10d:11,test,0,0,1,0,ncslgr:sequence:654,Norma Bowers Tourangeau,ncslgr:xml:ncslgr10d,0.23367796249998113,3.7081612785657247,1.5661699761946997,3.2968847592671713,,,0.9997128844261169,0.00021636899327859282,7.070606079651043e-05
ncslgr:ncslgr10d:12,test,0,1,0,0,ncslgr:sequence:655,Norma Bowers Tourangeau,ncslgr:xml:ncslgr10d,0.3666947150529874,2.6318965554237366,1.4417859762907028,3.106047260761261,,,0.12479221075773239,0.8751980662345886,9.75131661107298e-06
ncslgr:ncslgr10d:13,test,0,0,1,0,ncslgr:sequence:657,Norma Bowers Tourangeau,ncslgr:xml:ncslgr10d,1.0767961303393045,4.313642660776774,2.088359085718791,3.9344548543294273,,,0.7737428545951843,0.22625519335269928,1.9123797301290324e-06
ncslgr:ncslgr10d:2,test,0,0,1,1,ncslgr:sequence:632,Norma Bowers Tourangeau,ncslgr:xml:ncslgr10d,0.30000052063490823,1.664259696006775,0.8204409748315811,1.4962438901265462,0.7666666666666667,1.5333333333333334,0.9999592304229736,4.075119795743376e-05,2.3946922222961575e-10
ncslgr:ncslgr10d:23,test,0,1,0,0,ncslgr:sequence:668,Norma Bowers Tourangeau,ncslgr:xml:ncslgr10d,1.4726332058974853e-05,1.5602402885754905,0.5907248953978221,1.5051541725794475,,,0.3304353952407837,0.6695643663406372,1.9410963147947768e-07
ncslgr:ncslgr10d:24,test,0,0,1,0,ncslgr:sequence:669,Norma Bowers Tourangeau,ncslgr:xml:ncslgr10d,0.16690776133036705,2.099893752733866,0.9029002408186594,1.8589141209920248,,,0.996956467628479,0.002728895051404834,0.00031463400227949023
ncslgr:ncslgr10d:26,test,1,1,1,1,ncslgr:sequence:672,Norma Bowers Tourangeau,ncslgr:xml:ncslgr10d,1.0000018318577608,2.1121860941251116,2.0869338075319925,3.769483677546183,1.3,3.7,0.12509606778621674,0.8713783621788025,0.0035255819093436003
ncslgr:ncslgr10d:27,test,1,1,1,0,ncslgr:sequence:673,Norma Bowers Tourangeau,ncslgr:xml:ncslgr10d,0.6439123054345449,2.225948186715444,0.9687888284524282,2.4684528430302937,,,0.0003569929685909301,0.9995988011360168,4.4265048927627504e-05
ncslgr:ncslgr10d:29,test,2,0,0,1,ncslgr:sequence:676,Norma Bowers Tourangeau,ncslgr:xml:ncslgr10d,0.23346592221981458,2.033150513966878,0.9187921782334645,1.8088740666707355,0.3333333333333333,1.6666666666666667,0.6215699911117554,0.0023002915550023317,0.37612974643707275
ncslgr:ncslgr10d:3,test,2,0,0,1,ncslgr:sequence:633,Norma Bowers Tourangeau,ncslgr:xml:ncslgr10d,0.2666666909078246,1.5333333333333334,0.7490265945593517,1.375380516052246,0.4,1.2333333333333334,0.9999477863311768,1.7340835256618448e-06,5.0396702135913074e-05
ncslgr:ncslgr10d:30,test,2,2,1,0,ncslgr:sequence:677,Norma Bowers Tourangeau,ncslgr:xml:ncslgr10d,0.23659175406986227,2.43323970635732,0.5240592231353124,2.1232562621434528,,,0.03250756487250328,0.062221501022577286,0.9052709341049194
ncslgr:ncslgr10d:31,test,0,2,0,1,ncslgr:sequence:678,Norma Bowers Tourangeau,ncslgr:xml:ncslgr10d,0.13638046212339153,1.6322288890679677,0.33155553092559176,1.4219171484311421,0.43333333333333335,1.4666666666666666,0.0937827080488205,0.0017138301627710462,0.9045034050941467
ncslgr:ncslgr10d:9,test,2,0,0,1,ncslgr:sequence:646,Norma Bowers Tourangeau,ncslgr:xml:ncslgr10d,0.43136763175328574,2.4294391592343647,1.0711163659890492,2.1589942296346027,0.36666666666666664,2.1666666666666665,0.9999864101409912,4.267712483851938e-06,9.324715392722283e-06
ncslgr:ncslgr10e:1,test,2,1,0,1,ncslgr:sequence:682,Norma Bowers Tourangeau,ncslgr:xml:ncslgr10e,0.6433227231105169,2.73595019976298,1.3409395118554432,2.6942948420842487,0.4666666666666667,2.566666666666667,0.3325730264186859,0.667421817779541,5.145077466295334e-06
ncslgr:ncslgr10e:12,test,2,0,0,1,ncslgr:sequence:694,Norma Bowers Tourangeau,ncslgr:xml:ncslgr10e,0.2667072487231053,2.899508561690648,1.2694675693909327,2.5716244061787923,0.26666666666666666,2.5,0.9993062019348145,1.5821731480514245e-08,0.0006937451544217765
ncslgr:ncslgr10e:13,test,1,0,0,1,ncslgr:sequence:695,Norma Bowers Tourangeau,ncslgr:xml:ncslgr10e,0.10000092528602239,2.7331650733947757,1.1028009027242662,2.4049577395121258,0.4,2.533333333333333,0.586423397064209,0.4133335053920746,0.0002430705790175125
ncslgr:ncslgr10e:15,test,2,1,0,1,ncslgr:sequence:710,Norma Bowers Tourangeau,ncslgr:xml:ncslgr10e,0.46666668125034055,0.6186243966221809,1.0219480683406195,1.881511588891347,0.6,1.7666666666666666,0.30862143635749817,0.6862633228302002,0.0051151481457054615
ncslgr:ncslgr10e:16,test,2,0,0,1,ncslgr:sequence:711,Norma Bowers Tourangeau,ncslgr:xml:ncslgr10e,0.6337705310511713,2.1665549834569293,1.2172427197297413,1.975460624694824,0.7333333333333333,1.8333333333333333,0.9033931493759155,0.051981452852487564,0.0446254201233387
ncslgr:ncslgr10e:17,test,2,0,0,1,ncslgr:sequence:712,Norma Bowers Tourangeau,ncslgr:xml:ncslgr10e,0.33502930058942487,2.0998195131619775,1.0060984959204993,1.8796973864237467,0.5,1.7666666666666666,0.8578968644142151,1.0612707228574436e-05,0.14209246635437012
ncslgr:ncslgr10e:18,test,2,1,0,1,ncslgr:sequence:713,Norma Bowers Tourangeau,ncslgr:xml:ncslgr10e,0.47770928939183555,2.4268069624900814,1.1540177057186762,2.269621423880259,0.5333333333333333,2.1666666666666665,2.731146651058225e-07,0.9999967813491821,2.973008122353349e-06
ncslgr:ncslgr10e:2,test,2,1,0,1,ncslgr:sequence:683,Norma Bowers Tourangeau,ncslgr:xml:ncslgr10e,0.3656939605871836,1.7996775368849436,0.7400930474201838,1.7825424234072367,0.06666666666666667,1.7333333333333334,2.720534939726349e-05,0.9999728202819824,2.4282862179370035e-11
ncslgr:ncslgr10f:0,test,2,2,1,1,ncslgr:sequence:731,Norma Bowers Tourangeau,ncslgr:xml:ncslgr10f,0.5905896748105685,2.8484221855799357,0.8014419337113698,2.6429415543874106,0.7666666666666667,2.6333333333333333,0.06018294766545296,0.0033804469276219606,0.936436653137207
ncslgr:ncslgr10f:1,test,2,1,0,1,ncslgr:sequence:732,Norma Bowers Tourangeau,ncslgr:xml:ncslgr10f,0.3712714862544089,2.258393824100494,1.0519075453281401,2.1126455068588252,0.36666666666666664,2.066666666666667,0.000373396702343598,0.9928382039070129,0.006788377184420824
ncslgr:ncslgr10f:10,test,2,0,0,1,ncslgr:sequence:742,Norma Bowers Tourangeau,ncslgr:xml:ncslgr10f,0.5666843260160325,2.194119413693746,1.188657100001971,1.9963239987691246,0.5666666666666667,1.9666666666666666,0.9987794756889343,0.00017299164028372616,0.0010474742157384753
ncslgr:ncslgr10f:17,test,1,1,1,1,ncslgr:sequence:750,Norma Bowers Tourangeau,ncslgr:xml:ncslgr10f,0.3668339406450589,1.775678527355194,0.8261683891216913,1.7954634229342141,0.3,1.7333333333333334,0.0018280063522979617,0.9981719255447388,8.033977927368596e-09
ncslgr:ncslgr10f:18,test,1,1,1,1,ncslgr:sequence:751,Norma Bowers Tourangeau,ncslgr:xml:ncslgr10f,1.3264707565307616,1.3297578811645507,1.1227945327758788,2.2932640075683595,1.6666666666666667,2.3,1.5515788618358783e-05,0.9999845027923584,3.987801755478415e-10
ncslgr:ncslgr10f:27,test,1,0,0,1,ncslgr:sequence:761,Norma Bowers Tourangeau,ncslgr:xml:ncslgr10f,1.476821926763902,4.26207894484202,2.5329359809557594,3.9175078074137364,2.1,3.966666666666667,0.8242599964141846,0.17573978006839752,2.1774306446786795e-07
ncslgr:ncslgr10f:29,test,1,1,1,1,ncslgr:sequence:763,Norma Bowers Tourangeau,ncslgr:xml:ncslgr10f,0.33333341398420535,1.381735603014628,0.9831307182709375,1.9890029231707254,1.3666666666666667,1.9,0.0013073269510641694,0.9972987771034241,0.0013940018834546208
ncslgr:ncslgr10f:3,test,1,1,1,1,ncslgr:sequence:734,Norma Bowers Tourangeau,ncslgr:xml:ncslgr10f,0.13334422306469,0.6056400900085768,0.8776467015345891,2.0298275907834373,0.4,2.033333333333333,1.3366022358241025e-05,0.9994820952415466,0.0005046461592428386
ncslgr:ncslgr10f:30,test,1,0,0,1,ncslgr:sequence:764,Norma Bowers Tourangeau,ncslgr:xml:ncslgr10f,1.4440321028232574,1.9030852059523264,0.9632697353760402,1.7379706382751465,1.4333333333333333,1.8333333333333333,0.8799567222595215,0.10875311493873596,0.011290217749774456
ncslgr:ncslgr10f:31,test,0,0,1,1,ncslgr:sequence:765,Norma Bowers Tourangeau,ncslgr:xml:ncslgr10f,0.5333347098932506,2.2966033935546872,1.2060984959204992,2.0796973864237467,0.9333333333333333,2.066666666666667,0.9347822666168213,0.06516177207231522,5.592581146629527e-05
ncslgr:ncslgr10f:32,test,2,0,0,1,ncslgr:sequence:767,Norma Bowers Tourangeau,ncslgr:xml:ncslgr10f,0.4666666997873988,1.5666662732760113,0.8855581829945247,1.4294971148173015,0.4666666666666667,1.3666666666666667,0.9993045330047607,0.0006955087883397937,2.305652202494457e-08
ncslgr:ncslgr10f:33,test,1,1,1,1,ncslgr:sequence:769,Norma Bowers Tourangeau,ncslgr:xml:ncslgr10f,0.42858503938963016,0.9553798119227093,1.0852408786614736,2.1459788401921593,1.4666666666666666,2.1,1.8798356222760049e-06,0.9999980926513672,4.271025311197718e-09
ncslgr:ncslgr10f:34,test,0,1,0,1,ncslgr:sequence:770,Norma Bowers Tourangeau,ncslgr:xml:ncslgr10f,0.9000000496113337,2.3886059761047362,1.6088698744773864,2.706185007095337,1.1,2.8,0.3545675277709961,0.6454306840896606,1.7544805359648308e-06
ncslgr:ncslgr10f:35,test,0,0,1,0,ncslgr:sequence:771,Norma Bowers Tourangeau,ncslgr:xml:ncslgr10f,0.23367788569788295,2.316668613751729,1.0711163659890492,2.1589942296346027,,,0.9274351000785828,0.06649009883403778,0.006074807140976191
ncslgr:ncslgr10f:36,test,0,1,0,0,ncslgr:sequence:772,Norma Bowers Tourangeau,ncslgr:xml:ncslgr10f,0.3333342164347461,2.3610148072242736,1.0540177057186761,2.169621423880259,,,0.33631235361099243,0.45720988512039185,0.2064778059720993
ncslgr:ncslgr10f:37,test,0,1,0,0,ncslgr:sequence:773,Norma Bowers Tourangeau,ncslgr:xml:ncslgr10f,0.13334408145959362,1.9255815227826434,0.9485336889823277,2.2104460914929707,,,0.0019292450742796063,0.9873073101043701,0.01076347753405571
ncslgr:ncslgr10f:4,test,1,1,1,1,ncslgr:sequence:736,Norma Bowers Tourangeau,ncslgr:xml:ncslgr10f,0.9842363993326824,1.7057927449544272,0.9894611994425455,2.159930674235026,1.3,2.033333333333333,0.014920803718268871,0.9850746393203735,4.607834853231907e-06
ncslgr:ncslgr10f:46,test,0,0,1,0,ncslgr:sequence:794,Norma Bowers Tourangeau,ncslgr:xml:ncslgr10f,0.33334049880548566,2.0328114946683247,0.9807111312945684,1.8213440259297689,,,0.946715772151947,0.053273435682058334,1.0782171557366382e-05
ncslgr:ncslgr10f:47,test,0,0,1,1,ncslgr:sequence:795,Norma Bowers Tourangeau,ncslgr:xml:ncslgr10f,0.36666667192183466,1.533333194255829,0.8109455476204555,1.3878504753112795,0.5,1.3666666666666667,0.9999997615814209,2.2654833742308256e-07,1.1290798415035212e-14
ncslgr:ncslgr10f:48,test,0,0,1,0,ncslgr:sequence:796,Norma Bowers Tourangeau,ncslgr:xml:ncslgr10f,0.33333333552613326,1.6333333333333333,0.8283869435389837,1.4712238629659016,,,0.9952878952026367,0.004639237187802792,7.287120388355106e-05
ncslgr:ncslgr10f:5,test,1,1,1,1,ncslgr:sequence:737,Norma Bowers Tourangeau,ncslgr:xml:ncslgr10f,0.5136615265160799,2.2244928936163584,1.0831307182709375,2.0890029231707254,1.6,2.066666666666667,0.013462407514452934,0.9865374565124512,1.7265863050397456e-07
ncslgr:ncslgr10f:50,test,2,0,0,1,ncslgr:sequence:799,Norma Bowers Tourangeau,ncslgr:xml:ncslgr10f,0.6666666667599236,1.7999999999999998,1.09825186530749,1.6586737950642902,0.6666666666666666,1.6666666666666667,0.9999959468841553,1.8640494658939133e-07,3.8064722502895165e-06
ncslgr:ncslgr10f:51,test,1,1,1,1,ncslgr:sequence:800,Norma Bowers Tourangeau,ncslgr:xml:ncslgr10f,0.10000045292817202,1.4614906867345174,0.690724895397822,1.6051541725794474,0.2,1.7666666666666666,0.21979515254497528,0.7802048325538635,1.7853142575408043e-11
ncslgr:ncslgr10f:6,test,0,1,0,1,ncslgr:sequence:738,Norma Bowers Tourangeau,ncslgr:xml:ncslgr10f,0.26866352228680623,1.9677793244520825,0.916464051604271,1.922336256504059,0.6,2.066666666666667,0.004722834564745426,0.9952273368835449,4.984036786481738e-05
ncslgr:ncslgr10f:7,test,1,1,1,1,ncslgr:sequence:739,Norma Bowers Tourangeau,ncslgr:xml:ncslgr10f,0.5069235170880954,1.376777520775795,1.0430496722459794,2.4512707591056824,1.7,2.466666666666667,0.00011012340837623924,0.9998797178268433,1.0152588401979301e-05
ncslgr:ncslgr10f:8,test,2,1,0,1,ncslgr:sequence:740,Norma Bowers Tourangeau,ncslgr:xml:ncslgr10f,1.0774112204710642,2.1120699206988016,1.5240582287311555,2.438487505912781,0.9333333333333333,2.466666666666667,8.418321151282271e-09,1.0,4.264446018531487e-10
ncslgr:ncslgr10k:14,test,2,0,0,0,ncslgr:sequence:776,Norma Bowers Tourangeau,ncslgr:xml:ncslgr10k,1.1317053182816988e-05,2.066660753885905,0.7870083034038544,1.808954175313314,,,0.9999692440032959,1.5624859770468902e-06,2.9263119358802214e-05
ncslgr:ncslgr10k:15,test,2,0,0,1,ncslgr:sequence:777,Norma Bowers Tourangeau,ncslgr:xml:ncslgr10k,3.734552301466465e-05,2.133134460449219,0.8123956680297851,1.8673075358072917,0.43333333333333335,1.8,0.6582343578338623,0.34149014949798584,0.0002754695888143033
ncslgr:ncslgr10k:16,test,1,1,1,1,ncslgr:sequence:778,Norma Bowers Tourangeau,ncslgr:xml:ncslgr10k,1.1068503196535556e-05,0.4428810139497122,0.7324988702932994,1.866391173998515,0.3333333333333333,1.6666666666666667,0.0021174780558794737,0.9978825449943542,6.149014075695902e-10
ncslgr:ncslgr10k:17,test,1,0,0,1,ncslgr:sequence:779,Norma Bowers Tourangeau,ncslgr:xml:ncslgr10k,3.2780737389733376e-07,1.9666650255521136,0.7489272564649582,1.7214241345723469,0.36666666666666664,1.5666666666666667,0.9999837875366211,1.6260486518149264e-05,6.637558946920308e-09
ncslgr:ncslgr10l:39,test,0,0,1,1,ncslgr:sequence:92,Norma Bowers Tourangeau,ncslgr:xml:ncslgr10l,0.1666709213063162,2.0999995390574138,0.9029002408186594,1.8589141209920248,0.8666666666666667,1.8,0.9984802603721619,0.0015197254251688719,5.629193222667084e-10
ncslgr:ncslgr10l:42,test,0,1,0,0,ncslgr:sequence:98,Norma Bowers Tourangeau,ncslgr:xml:ncslgr10l,0.21850180899103483,0.4782668689886729,0.9700525244077046,2.213676341374715,,,0.0333530493080616,0.9666433334350586,3.638361931734835e-06
ncslgr:ncslgr10l:45,test,0,1,0,1,ncslgr:sequence:96,Norma Bowers Tourangeau,ncslgr:xml:ncslgr10l,1.7534165859222413,2.2120641589164736,0.7915713598330816,2.0169065912564594,0.8,2.2333333333333334,0.01811433583498001,0.9818851351737976,5.607008688457427e-07
ncslgr:ncslgr10l:46,test,0,0,1,1,ncslgr:sequence:287,Norma Bowers Tourangeau,ncslgr:xml:ncslgr10l,0.06670136332674398,2.1654154698053993,0.8663686523834863,1.904797522226969,0.7666666666666667,1.8,0.9727622866630554,0.0272367000579834,1.0167497066504438e-06
ncslgr:ncslgr10l:47,test,0,0,1,1,ncslgr:sequence:289,Norma Bowers Tourangeau,ncslgr:xml:ncslgr10l,0.03333574130510897,1.8998640378316243,0.7441795428593952,1.6672274271647134,0.6666666666666666,1.5333333333333334,0.9900732040405273,0.009923574514687061,3.170690888509853e-06
ncslgr:ncslgr10l:48,test,0,1,0,1,ncslgr:sequence:291,Norma Bowers Tourangeau,ncslgr:xml:ncslgr10l,0.06667566330300663,1.2742194493611654,0.7282785495122274,1.7524393399556477,0.6,1.8,0.11519826948642731,0.8847395777702332,6.21131548541598e-05
ncslgr:ncslgr10l:52,test,0,1,0,1,ncslgr:sequence:99,Norma Bowers Tourangeau,ncslgr:xml:ncslgr10l,0.05303214254478614,1.5634719014167788,0.7324988702932994,1.866391173998515,0.5,1.9,0.11520205438137054,0.8847964406013489,1.4703739452670561e-06
ncslgr:ncslgr10l:58,test,0,1,0,1,ncslgr:sequence:109,Norma Bowers Tourangeau,ncslgr:xml:ncslgr10l,1.606959088643392,2.1173661609490715,0.7915713598330816,2.0169065912564594,1.0,1.8666666666666667,0.2790829539299011,0.7195316553115845,0.0013854263816028833
ncslgr:ncslgr10l:59,test,0,1,0,1,ncslgr:sequence:110,Norma Bowers Tourangeau,ncslgr:xml:ncslgr10l,2.43035063346227,2.516648205121358,0.9333453347285589,2.378143592675527,1.1666666666666667,2.6333333333333333,5.3196490625850856e-05,0.9999468326568604,1.8431373760563474e-08
ncslgr:ncslgr10l:63,test,0,1,0,0,ncslgr:sequence:117,Norma Bowers Tourangeau,ncslgr:xml:ncslgr10l,1.0732142329216003,1.4288353979587556,0.7443133682012558,1.8964942574501038,,,0.00028578960336744785,0.9997108578681946,3.362915094839991e-06
ncslgr:ncslgr10l:69,test,0,1,0,1,ncslgr:sequence:319,Norma Bowers Tourangeau,ncslgr:xml:ncslgr10l,0.00011880530558604127,2.0809452295303346,0.9687888284524282,2.4684528430302937,0.5,1.5333333333333334,0.07951784133911133,0.9198194146156311,0.0006626903777942061
ncslgr:ncslgr10m:17,test,1,0,0,1,ncslgr:sequence:351,Norma Bowers Tourangeau,ncslgr:xml:ncslgr10m,0.10114175405663749,3.032057523727417,1.2170440435409546,2.667547861735026,0.6666666666666666,3.033333333333333,0.9856106638908386,0.014368298463523388,2.1010609998484142e-05
ncslgr:ncslgr10m:38,test,1,1,1,0,ncslgr:sequence:48,Norma Bowers Tourangeau,ncslgr:xml:ncslgr10m,0.17107028340299923,2.840039523442586,1.1869338075319926,2.869483677546183,,,0.08354316651821136,0.9164557456970215,1.1238707884331234e-06
ncslgr:ncslgr10m:47,test,1,1,1,1,ncslgr:sequence:49,Norma Bowers Tourangeau,ncslgr:xml:ncslgr10m,0.5025019903977712,2.2350170294443767,0.9324988702932993,2.0663911739985146,0.4,1.8,2.638715468350483e-09,1.0,8.799275197368672e-11
ncslgr:ncslgr10m:48,test,1,1,1,1,ncslgr:sequence:50,Norma Bowers Tourangeau,ncslgr:xml:ncslgr10m,9.582579756776491e-05,1.7771744132041931,0.6497973849376042,1.655669589837392,0.2,1.4333333333333333,6.508748629130423e-05,0.9999064207077026,2.847027099051047e-05
ncslgr:ncslgr10m:59,test,1,0,0,0,ncslgr:sequence:80,Norma Bowers Tourangeau,ncslgr:xml:ncslgr10m,0.172189553345864,2.0955098430315653,0.9029002408186594,1.8589141209920248,,,0.8909727931022644,0.10862121731042862,0.0004059569910168648
ncslgr:ncslgr10m:60,test,1,1,1,1,ncslgr:sequence:84,Norma Bowers Tourangeau,ncslgr:xml:ncslgr10m,0.10019273801299278,0.9950476050376892,0.8443133682012558,1.996494257450104,0.8,1.7,2.4936996851465665e-05,0.9999725818634033,2.455294861647417e-06
ncslgr:ncslgr10m:61,test,1,0,0,1,ncslgr:sequence:86,Norma Bowers Tourangeau,ncslgr:xml:ncslgr10m,1.0901585300763448,1.6855270326137541,0.9743146210908888,1.9797774950663247,0.3333333333333333,1.5666666666666667,0.5915037989616394,0.3992151916027069,0.009281007573008537
ncslgr:ncslgr10m:62,test,1,1,1,1,ncslgr:sequence:87,Norma Bowers Tourangeau,ncslgr:xml:ncslgr10m,0.16271709961195788,1.8144426723321279,0.7358727266391117,1.6685905893643695,0.3,1.5,0.2435915321111679,0.7563624978065491,4.596021608449519e-05
ncslgr:ncslgr10m:63,test,1,1,1,1,ncslgr:sequence:81,Norma Bowers Tourangeau,ncslgr:xml:ncslgr10m,0.44265227892125647,0.7684935321410498,1.118574211994807,2.179312173525492,0.8,1.7666666666666666,0.0033147097565233707,0.9850887656211853,0.011596504598855972
ncslgr:ncslgr10m:64,test,1,1,1,1,ncslgr:sequence:82,Norma Bowers Tourangeau,ncslgr:xml:ncslgr10m,0.10002069151960313,1.5477233886718749,0.6670958995819091,1.5449480056762694,0.8,1.3,1.671854647611326e-06,0.9999862909317017,1.1998843547189608e-05
ncslgr:ncslgr10m:65,test,1,1,1,1,ncslgr:sequence:88,Norma Bowers Tourangeau,ncslgr:xml:ncslgr10m,0.5986904064814249,1.5617708603541056,0.6628755788008371,1.4309961716334025,0.43333333333333335,1.0333333333333334,0.0007230847259052098,0.9992769360542297,2.9346683503433946e-12
