sample_id,split,gold,prediction,recording_group,temperature,raw_nll,calibrated_nll,raw_brier,calibrated_brier,probability_NEG,probability_WH,probability_YN
ncslgr:ncslgr10c:27,test,1,1,ncslgr:sequence:607,8.0,0.0012314521452250113,0.5270483826114933,2.9755184422946844e-06,0.2567501993795436,0.2549484901978245,0.5903448728428605,0.15470663695931497
ncslgr:ncslgr10c:28,test,1,1,ncslgr:sequence:611,8.0,4.370497127483183e-06,0.26869216609979296,3.814698925479933e-11,0.08743600932322647,0.07220488834579253,0.7643785210563783,0.16341659059782923
ncslgr:ncslgr10c:30,test,0,0,ncslgr:sequence:619,8.0,1.5346800451890704e-07,0.22691159541421813,3.781158248855935e-14,0.06189793027944483,0.7969912368560065,0.09521576449175764,0.10779299865223582
ncslgr:ncslgr10c:31,test,0,0,ncslgr:sequence:621,8.0,5.384744838261544e-08,0.14977097929655478,5.7986122537746215e-15,0.031715862293332855,0.8609051189452772,0.03284060608272669,0.10625427497199606
ncslgr:ncslgr10c:32,test,0,0,ncslgr:sequence:622,8.0,2.4131144346906032e-08,0.14365328125205987,1.1640759729940487e-15,0.028633367259515145,0.8661880196269517,0.09669607345662887,0.03711590691641947
ncslgr:ncslgr10c:33,test,2,0,ncslgr:sequence:623,8.0,5.626099037473331,1.157315680875654,1.985615547815791,0.8756600546759834,0.6347624530739525,0.05090873865844607,0.3143288082676014
ncslgr:ncslgr10c:34,test,2,1,ncslgr:sequence:624,8.0,11.8591916849592,2.0260455801979496,1.9927143788309971,1.1733126356921721,0.2877822979561284,0.5803617968795303,0.13185590516434129
ncslgr:ncslgr10c:38,test,0,0,ncslgr:sequence:628,8.0,0.002984372173714399,0.5564838893704255,1.7631201511285778e-05,0.28128393796942536,0.5732210331904807,0.27692493887225517,0.14985402793726418
ncslgr:ncslgr10c:39,test,0,2,ncslgr:sequence:629,8.0,2.05819106239605,0.9898838276949214,1.5216544587926801,0.6424208091917393,0.37161986045025264,0.15587328367671657,0.4725068558730308
ncslgr:ncslgr10d:10,test,2,2,ncslgr:sequence:647,8.0,0.4459298716483134,0.7214181541176647,0.2588707907949195,0.4724874909128658,0.4522759551967517,0.061661589322045886,0.4860624554812024
ncslgr:ncslgr10d:11,test,0,0,ncslgr:sequence:654,8.0,0.0005726161775996527,0.48788766442336906,6.444348850486839e-07,0.228175697389824,0.6139218344326131,0.14512680618360874,0.24095135938377815
ncslgr:ncslgr10d:12,test,0,0,ncslgr:sequence:655,8.0,9.792759931494123e-10,0.09228142445576162,1.917860021376633e-18,0.012819967792778556,0.9118484969656324,0.019951732760440963,0.06819977027392678
ncslgr:ncslgr10d:13,test,0,0,ncslgr:sequence:657,8.0,4.002862092953822e-05,0.3299920849027794,3.2028650416700065e-09,0.12624186690086323,0.7189294238056904,0.07832249320108307,0.20274808299322658
ncslgr:ncslgr10d:2,test,0,2,ncslgr:sequence:632,8.0,1.123408757013779,1.008216304400029,0.8974842382295749,0.6183464947719817,0.3648692151015404,0.23614112124161715,0.39898966365684246
ncslgr:ncslgr10d:20,test,0,0,ncslgr:sequence:664,8.0,0.00013354796442955767,0.43633197981533756,3.421446522365872e-08,0.18985732632026298,0.6464030975303099,0.21079236367533752,0.14280453879435237
ncslgr:ncslgr10d:23,test,0,0,ncslgr:sequence:668,8.0,1.8535668147794066e-07,0.23327865741971057,5.3182038431478755e-14,0.06497251346214836,0.7919328648059903,0.09987337887623027,0.1081937563177794
ncslgr:ncslgr10d:24,test,0,0,ncslgr:sequence:669,8.0,0.008357758829950719,0.5467038849858107,0.00013852613382649178,0.28932336988198876,0.5788546408585189,0.10268790401742603,0.3184574551240551
ncslgr:ncslgr10d:26,test,1,0,ncslgr:sequence:672,8.0,1.4483929914825848,1.1138085114782608,1.0269102186260488,0.6795534041062493,0.3732273736541174,0.3283062190445984,0.2984664073012843
ncslgr:ncslgr10d:27,test,1,2,ncslgr:sequence:673,8.0,6.898384097232789,1.3349102148214835,1.995961959501205,0.94428316918386,0.11352521380102727,0.2631818042205306,0.6232929819784422
ncslgr:ncslgr10d:29,test,2,2,ncslgr:sequence:676,8.0,7.692517306481495e-07,0.25993036061309766,1.0902717381370035e-12,0.07915139630479273,0.131213533543784,0.09768118322323788,0.771105283232978
ncslgr:ncslgr10d:3,test,2,2,ncslgr:sequence:633,8.0,9.174287568734308e-06,0.3084386979501166,1.6710735221741928e-10,0.10877723910972192,0.17217445991061056,0.09323255721478967,0.7345929828745998
ncslgr:ncslgr10d:30,test,2,2,ncslgr:sequence:677,8.0,0.5503385186524401,0.7033596232632926,0.3582734469448565,0.48265316750483717,0.4761403191344284,0.028939917252635616,0.494919763612936
ncslgr:ncslgr10d:31,test,0,2,ncslgr:sequence:678,8.0,4.5687174482916815,1.1601060799009766,1.958709317736246,0.7959576070217276,0.3134529280633388,0.13239764350486896,0.5541494284317923
ncslgr:ncslgr10d:9,test,2,0,ncslgr:sequence:646,8.0,8.206025879922638,1.5249280311497466,1.9988111795417671,1.011299608346806,0.607006979446095,0.17535630118781922,0.21763671936608572
ncslgr:ncslgr10e:1,test,2,2,ncslgr:sequence:682,8.0,0.45315236010022475,0.8592968491387745,0.26501412526878154,0.5213420321093182,0.18163052001429553,0.3949097462506746,0.42345973373503
ncslgr:ncslgr10e:12,test,2,0,ncslgr:sequence:694,8.0,3.966534695751911,1.0697429536832836,1.9249602951685207,0.7563395945352984,0.5619646827649144,0.09493861940763516,0.3430966978274506
ncslgr:ncslgr10e:13,test,1,1,ncslgr:sequence:695,8.0,0.5371881616629605,0.9984884081899379,0.29103656885267787,0.5998545650173013,0.28798965360912837,0.3684359452193244,0.34357440117154736
ncslgr:ncslgr10e:15,test,2,2,ncslgr:sequence:710,8.0,0.06309301849871767,0.6197016265302033,0.007477117673840931,0.36593260562982743,0.3824600184509632,0.07943501165786114,0.5381049698911756
ncslgr:ncslgr10e:16,test,2,2,ncslgr:sequence:711,8.0,2.7639818744242373e-07,0.23222542138795205,1.4056274374561396e-13,0.06487145067309705,0.11867323877686099,0.08855936478695572,0.7927673964361831
ncslgr:ncslgr10e:17,test,2,1,ncslgr:sequence:712,8.0,6.2579171097071296,1.204645941185035,1.9923464118093288,0.9217298890394598,0.04489125912799379,0.6553106139779991,0.29979812689400714
ncslgr:ncslgr10e:18,test,2,1,ncslgr:sequence:713,8.0,10.011617476006647,1.5412635521257982,1.9998205017521284,1.179131261374889,0.0374890797994864,0.7484005294054602,0.2141103907950534
ncslgr:ncslgr10e:2,test,2,0,ncslgr:sequence:683,8.0,3.5016636064903475,0.9573376301290283,1.8812289514595975,0.7311401475825501,0.5924694021191099,0.02361695120402704,0.38391364667686306
ncslgr:ncslgr10f:0,test,2,1,ncslgr:sequence:731,8.0,6.754047404061851,1.2416372467517118,1.9953381188485728,0.9587340785488793,0.03910950649564187,0.6719796812893828,0.2889108122149753
ncslgr:ncslgr10f:1,test,2,1,ncslgr:sequence:732,8.0,2.562088257798997,0.8944236706494744,1.703328325064437,0.6614609102828946,0.03360390414015752,0.557552936793376,0.4088431590664663
ncslgr:ncslgr10f:10,test,2,2,ncslgr:sequence:742,8.0,0.00027778419532270364,0.3509243410069729,1.5428514795359455e-07,0.15343567221976534,0.25296849623486517,0.04299448519263766,0.7040370185724971
ncslgr:ncslgr10f:17,test,1,0,ncslgr:sequence:750,8.0,7.805826207657384,1.5095880759850395,1.9980988360795404,0.9877181650388553,0.5862976097322438,0.2210009948291743,0.19270139543858186
ncslgr:ncslgr10f:18,test,1,0,ncslgr:sequence:751,8.0,2.7935079388287667,1.1209624933386162,1.7584665537201516,0.7109606449184592,0.4584207141530419,0.3259659035774422,0.2156133822695159
ncslgr:ncslgr10f:27,test,1,0,ncslgr:sequence:761,8.0,8.460324867009497,1.4684779518532856,1.9991523761071555,1.0434466724309597,0.6630108887430749,0.23027570930670943,0.10671340195021559
ncslgr:ncslgr10f:28,test,2,0,ncslgr:sequence:762,8.0,1.3629394878522547,0.8376122103416586,1.1073472521117549,0.5716109496690984,0.49450721817773685,0.07275019278250988,0.43274258903975327
ncslgr:ncslgr10f:29,test,1,1,ncslgr:sequence:763,8.0,0.005303079886791513,0.5274744585500413,5.593870190392202e-05,0.27271349340588025,0.10327155461322693,0.5900933946752996,0.30663505071147334
ncslgr:ncslgr10f:3,test,1,0,ncslgr:sequence:734,8.0,20.1223699358501,2.747386279525482,1.9999977497781471,1.5250256566502605,0.7928746202706263,0.0640951693195081,0.14303021040986572
ncslgr:ncslgr10f:30,test,1,1,ncslgr:sequence:764,8.0,0.06486346733053927,0.573319467109904,0.007888832416528851,0.3532211952895467,0.034298132773579626,0.5636513078846586,0.40205055934176187
ncslgr:ncslgr10f:31,test,0,1,ncslgr:sequence:765,8.0,1.2389181341568316,0.9268226552251287,1.0087442201674468,0.5871357657020567,0.39580933726508066,0.4427477936600998,0.1614428690748195
ncslgr:ncslgr10f:32,test,2,2,ncslgr:sequence:767,8.0,0.6030606801836544,0.8447787965689505,0.4100606152208207,0.5240859651392019,0.15074656187331342,0.41960104984437724,0.4296523882823094
ncslgr:ncslgr10f:33,test,1,2,ncslgr:sequence:769,8.0,4.123850287634257,1.0152086488003,1.9357953652830044,0.7742466577962608,0.032213110291746616,0.36232682288820334,0.6054600668200502
ncslgr:ncslgr10f:34,test,0,0,ncslgr:sequence:770,8.0,0.002846218577316546,0.432427597089574,1.6155881650869333e-05,0.22208204938619036,0.6489318359871787,0.039136197654800295,0.31193196635802106
ncslgr:ncslgr10f:35,test,0,0,ncslgr:sequence:771,8.0,1.531097199957398e-06,0.22033197358538498,4.688064212475246e-12,0.06397915832736821,0.8022524271362654,0.04728403712485282,0.15046353573888174
ncslgr:ncslgr10f:36,test,0,0,ncslgr:sequence:772,8.0,0.0011735569037540359,0.4012368326035185,2.7512406819950067e-06,0.19401044311522003,0.6694914848492797,0.04246047671794223,0.28804803843277804
ncslgr:ncslgr10f:37,test,0,0,ncslgr:sequence:773,8.0,0.0916088105588583,0.5854685213086191,0.01532579404156445,0.36972541541898707,0.5568449069809813,0.02774029426430187,0.4154147987547169
ncslgr:ncslgr10f:4,test,1,2,ncslgr:sequence:736,8.0,10.511157438447245,2.0565662857660008,1.5060188886480035,1.1409306855550514,0.43000862130633516,0.12789236263238468,0.44209901606128027
ncslgr:ncslgr10f:46,test,0,0,ncslgr:sequence:794,8.0,0.0005110705701631437,0.48183463176529556,5.136663749613507e-07,0.22386437543683305,0.6176491928765191,0.1433414936501144,0.23900931347336654
ncslgr:ncslgr10f:47,test,0,0,ncslgr:sequence:795,8.0,6.413646748653411e-06,0.33721222294880926,6.945306745418672e-11,0.12322792801410974,0.713757348139118,0.1558815061326278,0.13036114572825422
ncslgr:ncslgr10f:48,test,0,0,ncslgr:sequence:796,8.0,0.0062997880048079324,0.49655273544227946,7.887613665166893e-05,0.2622671070195326,0.6086251393976556,0.06820079423237504,0.32317406636996937
ncslgr:ncslgr10f:49,test,0,2,ncslgr:sequence:798,8.0,2.2939512343836244,0.9468156017019226,1.616875707118195,0.6450768821513635,0.38797452384731423,0.10203466699824787,0.509990809154438
ncslgr:ncslgr10f:5,test,1,2,ncslgr:sequence:737,8.0,5.404539685675371,1.4985970655732768,1.72731762548584,0.9080306165357382,0.34662240236295794,0.22344341681964658,0.4299341808173955
ncslgr:ncslgr10f:50,test,2,2,ncslgr:sequence:799,8.0,0.016454172254495962,0.5208026375517473,0.0005326548062105544,0.2939570747501595,0.35587708091291514,0.05007936418209607,0.5940435549049887
ncslgr:ncslgr10f:51,test,1,2,ncslgr:sequence:800,8.0,8.946468597427428,1.8768488763192894,1.613737716283174,1.07744327733824,0.3959691971889977,0.15307169442680987,0.4509591083841924
ncslgr:ncslgr10f:6,test,0,0,ncslgr:sequence:738,8.0,1.7013231261932855e-06,0.29068575499056254,4.999319092435818e-12,0.09577507238631189,0.7477506180018098,0.11327077508586922,0.13897860691232095
ncslgr:ncslgr10f:7,test,1,0,ncslgr:sequence:739,8.0,1.4843666767626174,1.1423623946715054,0.9070561733022404,0.6956331077370103,0.34831380648015753,0.3190643748013305,0.332621818718512
ncslgr:ncslgr10f:8,test,2,0,ncslgr:sequence:740,8.0,8.284267800422684,1.4129653418410626,1.9989902712432888,1.0474960539250262,0.6855982737256264,0.07098133906717057,0.24342038720720297
ncslgr:ncslgr10f:9,test,2,0,ncslgr:sequence:741,8.0,3.347258919599222,1.1884848372436454,1.8533836399783634,0.7507328956518564,0.46064849543500697,0.23466894638970753,0.30468255817528545
ncslgr:ncslgr10k:14,test,2,2,ncslgr:sequence:776,8.0,2.3083504450830392e-06,0.3088216207726349,8.02860835639451e-12,0.10589287224568351,0.13090783950650342,0.1347804161875315,0.7343117443059651
ncslgr:ncslgr10k:15,test,2,0,ncslgr:sequence:777,8.0,5.907865499609957,1.3203354452509886,1.9889643949935556,0.8797060154278166,0.5586658861585556,0.17428840611618843,0.26704570772525593
ncslgr:ncslgr10k:16,test,1,1,ncslgr:sequence:778,8.0,0.12281250658207428,0.8840023250760057,0.020163566644654907,0.5166839430747739,0.2985623601465191,0.41312613332744164,0.28831150652603926
ncslgr:ncslgr10k:17,test,1,1,ncslgr:sequence:779,8.0,8.822991546636021e-06,0.3026070142344296,1.5493037436526902e-10,0.10576860122400181,0.08871934789550237,0.7388894123431053,0.1723912397613921
ncslgr:ncslgr10l:39,test,0,1,ncslgr:sequence:92,8.0,3.293214663500584,1.2461012693437072,1.7949726502943257,0.7721908668836673,0.287623982178295,0.4302537929558556,0.2821222248658495
ncslgr:ncslgr10l:42,test,0,0,ncslgr:sequence:98,8.0,0.00037031530023232085,0.4190176536184406,2.739946934060682e-07,0.1866522030240377,0.6576925845113931,0.24494616324045518,0.0973612522481518
ncslgr:ncslgr10l:45,test,0,0,ncslgr:sequence:96,8.0,0.021601543565039592,0.5847380858034931,0.0009133093688067695,0.324853151581212,0.5572517948564735,0.34549942602449507,0.09724877911903146
ncslgr:ncslgr10l:46,test,0,0,ncslgr:sequence:287,8.0,1.058901671523046e-05,0.32472149445063586,2.2010768823542037e-10,0.11757316787333986,0.7227286095437707,0.17220675363445428,0.10506463682177494
ncslgr:ncslgr10l:47,test,0,0,ncslgr:sequence:289,8.0,2.7333553301852124e-05,0.3246089263392923,1.4925777770491592e-09,0.12146552348112294,0.7228099703175894,0.19433572997888296,0.08285429970352753
ncslgr:ncslgr10l:48,test,0,0,ncslgr:sequence:291,8.0,0.5078221391520321,0.8740638793242516,0.31635360158044346,0.531343530562501,0.41725243554373465,0.3961388640611015,0.18660870039516395
ncslgr:ncslgr10l:52,test,0,0,ncslgr:sequence:99,8.0,7.777434293435233e-05,0.3935516463988405,1.1953669983532485e-08,0.16260323916311895,0.674656473099794,0.20643603780328634,0.1189074890969195
ncslgr:ncslgr10l:58,test,0,0,ncslgr:sequence:109,8.0,0.0039016965910393417,0.6128777046741516,2.8705403659770188e-05,0.31811067524757436,0.541789513376644,0.2689511977497099,0.18925928887364601
ncslgr:ncslgr10l:59,test,0,0,ncslgr:sequence:110,8.0,0.004033097930558706,0.6267907656803714,2.9517290611563262e-05,0.3273544780276654,0.5343037584600339,0.2648246273880432,0.20087161415192292
ncslgr:ncslgr10l:63,test,0,0,ncslgr:sequence:117,8.0,0.01605178088880534,0.5332792967318407,0.0005071239188251347,0.29755699087932486,0.5866779207345181,0.3503695624607432,0.06295251680473868
ncslgr:ncslgr10l:69,test,0,0,ncslgr:sequence:319,8.0,4.399936927322101e-06,0.2942667724936976,3.807198420158301e-11,0.09948158396313422,0.74507769869257,0.15911169889004118,0.09581060241738887
ncslgr:ncslgr10m:17,test,1,1,ncslgr:sequence:351,8.0,0.10519821287996957,0.6496475650002137,0.01994154847524993,0.39222539453459326,0.39672813039364435,0.5222297963898114,0.08104207321654432
ncslgr:ncslgr10m:38,test,1,0,ncslgr:sequence:48,8.0,9.029650098857632,1.4594176168153243,1.999520810112208,1.107777751008295,0.718401746452236,0.2323715646224886,0.0492266889252755
ncslgr:ncslgr10m:42,test,1,1,ncslgr:sequence:85,8.0,0.01747899186562711,0.7451035894896154,0.0004514574623778068,0.4139496513869054,0.26549244609043576,0.474685125003126,0.25982242890643814
ncslgr:ncslgr10m:47,test,1,1,ncslgr:sequence:49,8.0,2.9111357764603305e-10,0.10920035255362762,1.4090414415385985e-19,0.016087570226701816,0.04754391612460624,0.8965507732658654,0.05590531060952827
ncslgr:ncslgr10m:48,test,1,1,ncslgr:sequence:50,8.0,1.4506904239232758e-08,0.15572003800389372,4.1289743432268894e-16,0.03179193421734851,0.08943458954777862,0.8557987479616878,0.054766662490533635
ncslgr:ncslgr10m:59,test,1,2,ncslgr:sequence:80,8.0,0.8361353007767689,0.8246115586201532,0.6421047149270281,0.532627449575233,0.10825105784123627,0.43840525413631787,0.45334368802244573
ncslgr:ncslgr10m:60,test,1,0,ncslgr:sequence:84,8.0,1.420552380125493,1.0237885056059133,1.1412474810486604,0.6334196434444379,0.41404074789108336,0.3592314087249075,0.2267278433840091
ncslgr:ncslgr10m:61,test,1,1,ncslgr:sequence:86,8.0,3.427476976784493e-08,0.1589079364047487,2.3432556607142095e-15,0.03373376881646897,0.04745017214527608,0.8530748924956584,0.09947493535906568
ncslgr:ncslgr10m:62,test,1,0,ncslgr:sequence:87,8.0,1.5823610524519114,1.1117322175260178,1.165807863162464,0.6803537081059357,0.38535164081754886,0.32898858741520437,0.28565977176724683
ncslgr:ncslgr10m:63,test,1,1,ncslgr:sequence:81,8.0,0.039494583158855776,0.6428852357503295,0.0029985875706515282,0.3636923173709247,0.3519084232241478,0.5257732537264476,0.1223183230494047
ncslgr:ncslgr10m:64,test,1,1,ncslgr:sequence:82,8.0,4.0590503891288776e-07,0.17501102337221106,3.2951668525107035e-13,0.04430269569833968,0.027185785374101563,0.8394477671730153,0.1333664474528832
ncslgr:ncslgr10m:65,test,1,2,ncslgr:sequence:88,8.0,16.495536677138436,2.660456461872217,1.891857627513494,1.3105576217067028,0.38449965861835345,0.06991630033440716,0.5455840410472395
